id_evento,id_locomotiva,id_secao,data_evento,motivo_parada,duracao_minutos,custo_estimado_perda_brl
EVT_1000,LOC_LOG_9004,SEC_04,2024-05-03,Cruzamento/Sinal Vermelho,179,5014.43
EVT_1001,LOC_LOG_9017,SEC_04,2024-05-22,Cruzamento/Sinal Vermelho,156,4540.47
EVT_1002,LOC_LOG_9002,SEC_02,2024-03-15,Manutenção Via,13,1130.61
EVT_1003,LOC_LOG_9013,SEC_01,2024-05-27,Cruzamento/Sinal Vermelho,182,5597.55
EVT_1004,LOC_LOG_9004,SEC_02,2024-06-09,Cruzamento/Sinal Vermelho,216,6175.65
EVT_1005,LOC_LOG_9010,SEC_01,2024-04-14,Aguardando Pátio,74,2908.98
EVT_1006,LOC_LOG_9008,SEC_04,2024-05-21,Cruzamento/Sinal Vermelho,148,4134.06
EVT_1007,LOC_LOG_9009,SEC_05,2024-04-16,Falha Mecânica,79,2838.44
EVT_1008,LOC_LOG_9000,SEC_02,2024-01-08,Manutenção Via,132,4277.1
EVT_1009,LOC_LOG_9000,SEC_06,2024-01-01,Falha Mecânica,228,6462.51
EVT_1010,LOC_LOG_9012,SEC_04,2024-04-19,Cruzamento/Sinal Vermelho,26,1848.6
EVT_1011,LOC_LOG_9012,SEC_05,2024-01-22,Manutenção Via,61,1892.55
EVT_1012,LOC_LOG_9006,SEC_05,2024-05-01,Cruzamento/Sinal Vermelho,95,3416.2
EVT_1013,LOC_LOG_9000,SEC_01,2024-05-29,Aguardando Pátio,26,1287.67
EVT_1014,LOC_LOG_9019,SEC_06,2024-01-11,Cruzamento/Sinal Vermelho,81,2397.09
EVT_1015,LOC_LOG_9019,SEC_01,2024-04-24,Cruzamento/Sinal Vermelho,229,6688.96
EVT_1016,LOC_LOG_9014,SEC_04,2024-01-10,Aguardando Pátio,208,5659.47
EVT_1017,LOC_LOG_9016,SEC_02,2024-04-24,Cruzamento/Sinal Vermelho,233,6649.22
EVT_1018,LOC_LOG_9013,SEC_06,2024-03-21,Cruzamento/Sinal Vermelho,46,1495.27
EVT_1019,LOC_LOG_9007,SEC_06,2024-03-08,Cruzamento/Sinal Vermelho,81,2568.11
EVT_1020,LOC_LOG_9015,SEC_04,2024-06-12,Manutenção Via,123,3913.95
EVT_1021,LOC_LOG_9005,SEC_01,2024-03-12,Cruzamento/Sinal Vermelho,192,5948.64
EVT_1022,LOC_LOG_9004,SEC_06,2024-06-10,Cruzamento/Sinal Vermelho,113,3811.67
EVT_1023,LOC_LOG_9004,SEC_05,2024-03-15,Cruzamento/Sinal Vermelho,45,1735.1
EVT_1024,LOC_LOG_9002,SEC_06,2024-04-11,Manutenção Via,233,6567.88
EVT_1025,LOC_LOG_9015,SEC_04,2024-04-23,Aguardando Pátio,22,1733.78
EVT_1026,LOC_LOG_9019,SEC_01,2024-04-12,Cruzamento/Sinal Vermelho,206,6149.97
EVT_1027,LOC_LOG_9012,SEC_05,2024-01-05,Cruzamento/Sinal Vermelho,182,5330.18
EVT_1028,LOC_LOG_9006,SEC_02,2024-01-13,Cruzamento/Sinal Vermelho,61,2233.48
EVT_1029,LOC_LOG_9004,SEC_03,2024-01-17,Cruzamento/Sinal Vermelho,101,3468.43
EVT_1030,LOC_LOG_9006,SEC_03,2024-02-01,Cruzamento/Sinal Vermelho,112,3197.84
EVT_1031,LOC_LOG_9002,SEC_04,2024-04-09,Cruzamento/Sinal Vermelho,12,784.43
EVT_1032,LOC_LOG_9005,SEC_06,2024-06-12,Manutenção Via,36,1270.74
EVT_1033,LOC_LOG_9000,SEC_04,2024-01-30,Falha Mecânica,38,1446.98
EVT_1034,LOC_LOG_9007,SEC_05,2024-03-17,Cruzamento/Sinal Vermelho,181,5110.98
EVT_1035,LOC_LOG_9015,SEC_05,2024-03-26,Manutenção Via,156,5078.79
EVT_1036,LOC_LOG_9003,SEC_02,2024-03-09,Manutenção Via,65,2327.74
EVT_1037,LOC_LOG_9017,SEC_03,2024-06-11,Manutenção Via,88,2738.14
EVT_1038,LOC_LOG_9005,SEC_05,2024-01-09,Aguardando Pátio,92,2643.01
EVT_1039,LOC_LOG_9012,SEC_03,2024-06-06,Cruzamento/Sinal Vermelho,140,3838.7
EVT_1040,LOC_LOG_9003,SEC_04,2024-05-28,Cruzamento/Sinal Vermelho,80,2556.28
EVT_1041,LOC_LOG_9007,SEC_04,2024-01-10,Manutenção Via,62,2463.84
EVT_1042,LOC_LOG_9003,SEC_04,2024-05-31,Cruzamento/Sinal Vermelho,130,4030.76
EVT_1043,LOC_LOG_9004,SEC_04,2024-06-17,Cruzamento/Sinal Vermelho,199,5986.84
EVT_1044,LOC_LOG_9016,SEC_02,2024-05-01,Cruzamento/Sinal Vermelho,57,1792.66
EVT_1045,LOC_LOG_9005,SEC_06,2024-05-31,Cruzamento/Sinal Vermelho,33,1915.36
EVT_1046,LOC_LOG_9018,SEC_05,2024-06-11,Manutenção Via,221,5989.15
EVT_1047,LOC_LOG_9006,SEC_03,2024-04-24,Cruzamento/Sinal Vermelho,142,4687.53
EVT_1048,LOC_LOG_9005,SEC_05,2024-03-17,Cruzamento/Sinal Vermelho,149,4331.12
EVT_1049,LOC_LOG_9015,SEC_06,2024-05-31,Cruzamento/Sinal Vermelho,185,5470.84
EVT_1050,LOC_LOG_9013,SEC_02,2024-02-12,Cruzamento/Sinal Vermelho,233,6865.29
EVT_1051,LOC_LOG_9003,SEC_05,2024-02-14,Falha Mecânica,55,2164.16
EVT_1052,LOC_LOG_9013,SEC_01,2024-02-27,Cruzamento/Sinal Vermelho,96,2906.02
EVT_1053,LOC_LOG_9014,SEC_06,2024-05-16,Falha Mecânica,15,1118.54
EVT_1054,LOC_LOG_9018,SEC_05,2024-05-07,Manutenção Via,194,5722.99
EVT_1055,LOC_LOG_9003,SEC_04,2024-03-14,Aguardando Pátio,132,4230.1
EVT_1056,LOC_LOG_9015,SEC_02,2024-03-14,Cruzamento/Sinal Vermelho,240,6664.58
EVT_1057,LOC_LOG_9004,SEC_01,2024-05-21,Cruzamento/Sinal Vermelho,103,3563.08
EVT_1058,LOC_LOG_9017,SEC_02,2024-03-09,Aguardando Pátio,31,1668.02
EVT_1059,LOC_LOG_9005,SEC_02,2024-02-01,Aguardando Pátio,171,4889.37
EVT_1060,LOC_LOG_9005,SEC_01,2024-05-02,Cruzamento/Sinal Vermelho,110,3660.87
EVT_1061,LOC_LOG_9011,SEC_01,2024-04-30,Cruzamento/Sinal Vermelho,208,5801.55
EVT_1062,LOC_LOG_9014,SEC_01,2024-06-29,Cruzamento/Sinal Vermelho,185,5163.42
EVT_1063,LOC_LOG_9004,SEC_06,2024-04-13,Falha Mecânica,28,1470.55
EVT_1064,LOC_LOG_9005,SEC_01,2024-05-20,Cruzamento/Sinal Vermelho,156,4324.87
EVT_1065,LOC_LOG_9012,SEC_04,2024-04-13,Manutenção Via,203,5909.75
EVT_1066,LOC_LOG_9017,SEC_05,2024-01-08,Aguardando Pátio,146,4645.31
EVT_1067,LOC_LOG_9007,SEC_04,2024-02-18,Aguardando Pátio,169,5073.07
EVT_1068,LOC_LOG_9017,SEC_01,2024-02-22,Manutenção Via,50,1664.19
EVT_1069,LOC_LOG_9001,SEC_03,2024-06-16,Cruzamento/Sinal Vermelho,214,5680.52
EVT_1070,LOC_LOG_9007,SEC_06,2024-04-20,Falha Mecânica,225,6413.05
EVT_1071,LOC_LOG_9019,SEC_06,2024-06-26,Manutenção Via,187,5200.69
EVT_1072,LOC_LOG_9009,SEC_06,2024-06-25,Aguardando Pátio,43,1643.32
EVT_1073,LOC_LOG_9010,SEC_06,2024-04-20,Cruzamento/Sinal Vermelho,166,4910.99
EVT_1074,LOC_LOG_9002,SEC_06,2024-04-24,Manutenção Via,31,1330.21
EVT_1075,LOC_LOG_9017,SEC_05,2024-03-23,Cruzamento/Sinal Vermelho,127,4341.19
EVT_1076,LOC_LOG_9001,SEC_06,2024-05-16,Cruzamento/Sinal Vermelho,177,5122.27
EVT_1077,LOC_LOG_9005,SEC_02,2024-03-05,Aguardando Pátio,239,6764.57
EVT_1078,LOC_LOG_9012,SEC_04,2024-03-22,Manutenção Via,60,2285.34
EVT_1079,LOC_LOG_9005,SEC_01,2024-06-25,Manutenção Via,167,4881.81
EVT_1080,LOC_LOG_9002,SEC_05,2024-03-10,Cruzamento/Sinal Vermelho,26,1597.47
EVT_1081,LOC_LOG_9014,SEC_04,2024-04-30,Manutenção Via,166,4928.98
EVT_1082,LOC_LOG_9017,SEC_02,2024-03-10,Cruzamento/Sinal Vermelho,229,6586.28
EVT_1083,LOC_LOG_9013,SEC_05,2024-06-15,Manutenção Via,137,4371.69
EVT_1084,LOC_LOG_9004,SEC_03,2024-01-29,Cruzamento/Sinal Vermelho,142,4369.12
EVT_1085,LOC_LOG_9001,SEC_06,2024-03-30,Aguardando Pátio,146,4236.43
EVT_1086,LOC_LOG_9000,SEC_04,2024-04-05,Aguardando Pátio,174,4817.61
EVT_1087,LOC_LOG_9007,SEC_03,2024-04-23,Cruzamento/Sinal Vermelho,23,1500.95
EVT_1088,LOC_LOG_9000,SEC_06,2024-06-09,Cruzamento/Sinal Vermelho,239,7056.01
EVT_1089,LOC_LOG_9012,SEC_04,2024-05-17,Manutenção Via,196,5757.59
EVT_1090,LOC_LOG_9014,SEC_05,2024-05-04,Manutenção Via,19,802.57
EVT_1091,LOC_LOG_9005,SEC_03,2024-01-23,Aguardando Pátio,240,6787.59
EVT_1092,LOC_LOG_9010,SEC_03,2024-05-21,Manutenção Via,78,2476.09
EVT_1093,LOC_LOG_9016,SEC_04,2024-06-19,Cruzamento/Sinal Vermelho,127,4009.24
EVT_1094,LOC_LOG_9004,SEC_03,2024-02-05,Cruzamento/Sinal Vermelho,221,6558.7
EVT_1095,LOC_LOG_9005,SEC_06,2024-02-23,Cruzamento/Sinal Vermelho,73,2695.55
EVT_1096,LOC_LOG_9017,SEC_06,2024-01-25,Cruzamento/Sinal Vermelho,157,4987.07
EVT_1097,LOC_LOG_9012,SEC_02,2024-05-23,Manutenção Via,231,6921.54
EVT_1098,LOC_LOG_9018,SEC_01,2024-04-09,Cruzamento/Sinal Vermelho,97,3089.41
EVT_1099,LOC_LOG_9002,SEC_06,2024-02-17,Falha Mecânica,184,5724.4
EVT_1100,LOC_LOG_9017,SEC_03,2024-02-03,Aguardando Pátio,194,6040.44
EVT_1101,LOC_LOG_9005,SEC_03,2024-03-28,Aguardando Pátio,109,3175.91
EVT_1102,LOC_LOG_9005,SEC_04,2024-04-14,Falha Mecânica,160,4499.49
EVT_1103,LOC_LOG_9007,SEC_03,2024-05-06,Cruzamento/Sinal Vermelho,145,4472.14
EVT_1104,LOC_LOG_9011,SEC_01,2024-05-04,Aguardando Pátio,67,2749.41
EVT_1105,LOC_LOG_9016,SEC_01,2024-06-20,Cruzamento/Sinal Vermelho,153,4764.55
EVT_1106,LOC_LOG_9011,SEC_01,2024-03-08,Cruzamento/Sinal Vermelho,175,5115.67
EVT_1107,LOC_LOG_9012,SEC_05,2024-02-17,Aguardando Pátio,93,2639.07
EVT_1108,LOC_LOG_9015,SEC_06,2024-02-28,Cruzamento/Sinal Vermelho,83,3117.38
EVT_1109,LOC_LOG_9000,SEC_02,2024-02-10,Falha Mecânica,88,3065.31
EVT_1110,LOC_LOG_9016,SEC_05,2024-01-22,Manutenção Via,29,1858.69
EVT_1111,LOC_LOG_9015,SEC_05,2024-01-21,Aguardando Pátio,133,3773.33
EVT_1112,LOC_LOG_9016,SEC_06,2024-02-06,Cruzamento/Sinal Vermelho,95,3198.78
EVT_1113,LOC_LOG_9001,SEC_01,2024-02-18,Manutenção Via,224,6227.8
EVT_1114,LOC_LOG_9009,SEC_01,2024-03-12,Cruzamento/Sinal Vermelho,93,2889.28
EVT_1115,LOC_LOG_9010,SEC_03,2024-01-20,Aguardando Pátio,61,1921.5
EVT_1116,LOC_LOG_9005,SEC_03,2024-05-12,Cruzamento/Sinal Vermelho,168,5297.49
EVT_1117,LOC_LOG_9013,SEC_04,2024-05-28,Manutenção Via,196,5961.29
EVT_1118,LOC_LOG_9003,SEC_02,2024-04-05,Cruzamento/Sinal Vermelho,214,6033.63
EVT_1119,LOC_LOG_9010,SEC_01,2024-06-04,Cruzamento/Sinal Vermelho,14,1513.82
EVT_1120,LOC_LOG_9004,SEC_06,2024-02-18,Cruzamento/Sinal Vermelho,231,6653.98
EVT_1121,LOC_LOG_9009,SEC_01,2024-01-20,Cruzamento/Sinal Vermelho,19,1473.7
EVT_1122,LOC_LOG_9014,SEC_04,2024-02-02,Aguardando Pátio,167,4951.29
EVT_1123,LOC_LOG_9018,SEC_05,2024-01-23,Cruzamento/Sinal Vermelho,131,4080.34
EVT_1124,LOC_LOG_9004,SEC_04,2024-04-20,Cruzamento/Sinal Vermelho,11,819.51
EVT_1125,LOC_LOG_9007,SEC_05,2024-01-24,Manutenção Via,144,4402.02
EVT_1126,LOC_LOG_9011,SEC_04,2024-05-19,Cruzamento/Sinal Vermelho,51,2376.17
EVT_1127,LOC_LOG_9010,SEC_05,2024-06-19,Cruzamento/Sinal Vermelho,217,6546.6
EVT_1128,LOC_LOG_9013,SEC_04,2024-05-21,Aguardando Pátio,24,1759.99
EVT_1129,LOC_LOG_9018,SEC_05,2024-06-06,Cruzamento/Sinal Vermelho,116,3913.07
EVT_1130,LOC_LOG_9017,SEC_04,2024-03-22,Cruzamento/Sinal Vermelho,81,2593.79
EVT_1131,LOC_LOG_9004,SEC_04,2024-01-31,Cruzamento/Sinal Vermelho,190,5354.1
EVT_1132,LOC_LOG_9008,SEC_05,2024-03-02,Cruzamento/Sinal Vermelho,171,4880.58
EVT_1133,LOC_LOG_9013,SEC_03,2024-04-17,Manutenção Via,213,6405.11
EVT_1134,LOC_LOG_9019,SEC_03,2024-05-23,Cruzamento/Sinal Vermelho,55,2126.83
EVT_1135,LOC_LOG_9019,SEC_01,2024-02-25,Aguardando Pátio,31,1806.18
EVT_1136,LOC_LOG_9010,SEC_01,2024-03-18,Cruzamento/Sinal Vermelho,44,2239.32
EVT_1137,LOC_LOG_9001,SEC_01,2024-01-02,Cruzamento/Sinal Vermelho,49,2246.46
EVT_1138,LOC_LOG_9007,SEC_05,2024-03-08,Cruzamento/Sinal Vermelho,175,5465.57
EVT_1139,LOC_LOG_9007,SEC_02,2024-01-14,Manutenção Via,174,5439.63
EVT_1140,LOC_LOG_9003,SEC_03,2024-06-09,Falha Mecânica,232,6385.64
EVT_1141,LOC_LOG_9000,SEC_03,2024-02-07,Manutenção Via,97,3157.48
EVT_1142,LOC_LOG_9006,SEC_06,2024-04-04,Falha Mecânica,172,4983.11
EVT_1143,LOC_LOG_9005,SEC_06,2024-05-14,Cruzamento/Sinal Vermelho,35,1430.52
EVT_1144,LOC_LOG_9016,SEC_05,2024-02-21,Cruzamento/Sinal Vermelho,167,4819.76
EVT_1145,LOC_LOG_9019,SEC_06,2024-04-16,Cruzamento/Sinal Vermelho,135,3804.67
EVT_1146,LOC_LOG_9007,SEC_04,2024-06-24,Cruzamento/Sinal Vermelho,124,4208.98
EVT_1147,LOC_LOG_9014,SEC_06,2024-05-23,Cruzamento/Sinal Vermelho,84,2978.83
EVT_1148,LOC_LOG_9000,SEC_02,2024-01-28,Cruzamento/Sinal Vermelho,103,3636.37
EVT_1149,LOC_LOG_9005,SEC_03,2024-06-28,Cruzamento/Sinal Vermelho,83,2563.24
EVT_1150,LOC_LOG_9002,SEC_05,2024-06-23,Cruzamento/Sinal Vermelho,65,2649.85
EVT_1151,LOC_LOG_9017,SEC_01,2024-02-01,Cruzamento/Sinal Vermelho,198,5370.35
EVT_1152,LOC_LOG_9002,SEC_02,2024-06-01,Cruzamento/Sinal Vermelho,61,2370.92
EVT_1153,LOC_LOG_9000,SEC_06,2024-06-08,Aguardando Pátio,88,3061.66
EVT_1154,LOC_LOG_9012,SEC_06,2024-01-11,Cruzamento/Sinal Vermelho,12,1396.93
EVT_1155,LOC_LOG_9007,SEC_04,2024-04-04,Aguardando Pátio,77,2665.58
EVT_1156,LOC_LOG_9017,SEC_04,2024-02-07,Manutenção Via,98,2771.8
EVT_1157,LOC_LOG_9015,SEC_04,2024-01-31,Cruzamento/Sinal Vermelho,142,4485.55
EVT_1158,LOC_LOG_9014,SEC_02,2024-05-01,Cruzamento/Sinal Vermelho,211,5737.6
EVT_1159,LOC_LOG_9015,SEC_04,2024-03-04,Cruzamento/Sinal Vermelho,92,2834.31
EVT_1160,LOC_LOG_9011,SEC_05,2024-06-26,Manutenção Via,170,4789.07
EVT_1161,LOC_LOG_9012,SEC_02,2024-01-25,Cruzamento/Sinal Vermelho,230,6564.1
EVT_1162,LOC_LOG_9010,SEC_02,2024-01-06,Cruzamento/Sinal Vermelho,168,4581.21
EVT_1163,LOC_LOG_9014,SEC_04,2024-05-28,Cruzamento/Sinal Vermelho,240,6891.91
EVT_1164,LOC_LOG_9003,SEC_04,2024-02-13,Aguardando Pátio,23,1369.44
EVT_1165,LOC_LOG_9014,SEC_01,2024-02-03,Cruzamento/Sinal Vermelho,175,5096.9
EVT_1166,LOC_LOG_9014,SEC_06,2024-01-12,Manutenção Via,65,2103.49
EVT_1167,LOC_LOG_9006,SEC_05,2024-05-23,Cruzamento/Sinal Vermelho,177,5249.3
EVT_1168,LOC_LOG_9000,SEC_03,2024-02-03,Aguardando Pátio,56,1855.29
EVT_1169,LOC_LOG_9018,SEC_05,2024-04-14,Manutenção Via,64,2566.9
EVT_1170,LOC_LOG_9005,SEC_01,2024-06-09,Cruzamento/Sinal Vermelho,197,5609.39
EVT_1171,LOC_LOG_9018,SEC_01,2024-02-29,Falha Mecânica,173,4897.88
EVT_1172,LOC_LOG_9017,SEC_02,2024-04-10,Aguardando Pátio,70,2857.04
EVT_1173,LOC_LOG_9011,SEC_06,2024-02-29,Cruzamento/Sinal Vermelho,72,2810.42
EVT_1174,LOC_LOG_9017,SEC_02,2024-06-04,Cruzamento/Sinal Vermelho,91,3075.35
EVT_1175,LOC_LOG_9008,SEC_04,2024-02-26,Aguardando Pátio,41,1765.19
EVT_1176,LOC_LOG_9014,SEC_06,2024-04-27,Aguardando Pátio,200,6094.26
EVT_1177,LOC_LOG_9005,SEC_04,2024-02-09,Manutenção Via,84,2622.42
EVT_1178,LOC_LOG_9018,SEC_03,2024-01-04,Manutenção Via,76,2978.89
EVT_1179,LOC_LOG_9015,SEC_05,2024-04-15,Manutenção Via,193,5777.53
EVT_1180,LOC_LOG_9014,SEC_05,2024-02-02,Cruzamento/Sinal Vermelho,221,6588.15
EVT_1181,LOC_LOG_9014,SEC_01,2024-04-15,Manutenção Via,57,2238.94
EVT_1182,LOC_LOG_9002,SEC_02,2024-03-21,Cruzamento/Sinal Vermelho,24,1198.0
EVT_1183,LOC_LOG_9019,SEC_04,2024-05-01,Falha Mecânica,204,5874.3
EVT_1184,LOC_LOG_9003,SEC_02,2024-03-31,Aguardando Pátio,135,4312.13
EVT_1185,LOC_LOG_9010,SEC_02,2024-05-28,Manutenção Via,158,5106.11
EVT_1186,LOC_LOG_9016,SEC_02,2024-06-21,Cruzamento/Sinal Vermelho,43,1509.32
EVT_1187,LOC_LOG_9003,SEC_02,2024-05-27,Cruzamento/Sinal Vermelho,213,5952.88
EVT_1188,LOC_LOG_9001,SEC_05,2024-05-12,Cruzamento/Sinal Vermelho,58,1905.94
EVT_1189,LOC_LOG_9001,SEC_03,2024-06-09,Manutenção Via,204,5898.79
EVT_1190,LOC_LOG_9014,SEC_05,2024-04-20,Manutenção Via,138,4205.32
EVT_1191,LOC_LOG_9014,SEC_03,2024-04-13,Cruzamento/Sinal Vermelho,185,5114.53
EVT_1192,LOC_LOG_9011,SEC_06,2024-05-14,Manutenção Via,141,4146.63
EVT_1193,LOC_LOG_9017,SEC_04,2024-02-13,Aguardando Pátio,25,1643.82
EVT_1194,LOC_LOG_9001,SEC_02,2024-06-16,Cruzamento/Sinal Vermelho,14,900.32
EVT_1195,LOC_LOG_9007,SEC_04,2024-02-24,Cruzamento/Sinal Vermelho,175,4748.81
EVT_1196,LOC_LOG_9018,SEC_03,2024-04-14,Aguardando Pátio,38,1664.19
EVT_1197,LOC_LOG_9005,SEC_02,2024-03-04,Manutenção Via,233,6780.16
EVT_1198,LOC_LOG_9002,SEC_01,2024-06-12,Manutenção Via,209,5659.29
EVT_1199,LOC_LOG_9005,SEC_06,2024-04-15,Manutenção Via,160,4974.35
EVT_1200,LOC_LOG_9000,SEC_01,2024-04-30,Falha Mecânica,87,2653.96
EVT_1201,LOC_LOG_9016,SEC_02,2024-02-20,Cruzamento/Sinal Vermelho,24,1450.87
EVT_1202,LOC_LOG_9000,SEC_05,2024-02-05,Cruzamento/Sinal Vermelho,116,4092.96
EVT_1203,LOC_LOG_9006,SEC_06,2024-01-16,Cruzamento/Sinal Vermelho,161,4774.88
EVT_1204,LOC_LOG_9003,SEC_02,2024-04-20,Cruzamento/Sinal Vermelho,111,3118.57
EVT_1205,LOC_LOG_9004,SEC_01,2024-01-28,Cruzamento/Sinal Vermelho,63,2016.66
EVT_1206,LOC_LOG_9014,SEC_04,2024-06-06,Cruzamento/Sinal Vermelho,129,4202.39
EVT_1207,LOC_LOG_9001,SEC_01,2024-01-26,Falha Mecânica,165,5119.24
EVT_1208,LOC_LOG_9002,SEC_01,2024-05-02,Falha Mecânica,38,1594.32
EVT_1209,LOC_LOG_9004,SEC_02,2024-01-20,Cruzamento/Sinal Vermelho,20,908.86
EVT_1210,LOC_LOG_9001,SEC_04,2024-05-11,Manutenção Via,44,2050.7
EVT_1211,LOC_LOG_9016,SEC_04,2024-04-30,Manutenção Via,73,2303.16
EVT_1212,LOC_LOG_9006,SEC_01,2024-04-23,Aguardando Pátio,85,2939.7
EVT_1213,LOC_LOG_9012,SEC_03,2024-03-19,Manutenção Via,63,2357.53
EVT_1214,LOC_LOG_9005,SEC_04,2024-04-30,Cruzamento/Sinal Vermelho,176,5489.19
EVT_1215,LOC_LOG_9009,SEC_05,2024-05-27,Aguardando Pátio,36,1334.67
EVT_1216,LOC_LOG_9009,SEC_02,2024-05-22,Aguardando Pátio,35,1256.09
EVT_1217,LOC_LOG_9017,SEC_06,2024-01-05,Manutenção Via,111,3637.81
EVT_1218,LOC_LOG_9010,SEC_01,2024-01-26,Falha Mecânica,157,4823.43
EVT_1219,LOC_LOG_9004,SEC_02,2024-06-27,Falha Mecânica,162,4608.04
EVT_1220,LOC_LOG_9000,SEC_05,2024-01-24,Manutenção Via,59,2405.56
EVT_1221,LOC_LOG_9011,SEC_06,2024-03-07,Manutenção Via,107,3730.68
EVT_1222,LOC_LOG_9000,SEC_02,2024-01-13,Falha Mecânica,193,5725.26
EVT_1223,LOC_LOG_9011,SEC_02,2024-04-18,Cruzamento/Sinal Vermelho,209,6150.1
EVT_1224,LOC_LOG_9000,SEC_01,2024-03-31,Cruzamento/Sinal Vermelho,68,2872.0
EVT_1225,LOC_LOG_9004,SEC_03,2024-01-22,Cruzamento/Sinal Vermelho,58,2131.48
EVT_1226,LOC_LOG_9017,SEC_03,2024-03-06,Aguardando Pátio,148,4330.02
EVT_1227,LOC_LOG_9004,SEC_02,2024-02-25,Aguardando Pátio,226,5974.34
EVT_1228,LOC_LOG_9002,SEC_06,2024-06-20,Cruzamento/Sinal Vermelho,209,5665.55
EVT_1229,LOC_LOG_9015,SEC_01,2024-01-26,Falha Mecânica,118,3360.8
EVT_1230,LOC_LOG_9005,SEC_04,2024-04-21,Aguardando Pátio,69,2526.78
EVT_1231,LOC_LOG_9001,SEC_02,2024-02-20,Aguardando Pátio,163,4932.48
EVT_1232,LOC_LOG_9002,SEC_04,2024-03-21,Cruzamento/Sinal Vermelho,119,4050.77
EVT_1233,LOC_LOG_9013,SEC_02,2024-01-05,Manutenção Via,43,1488.83
EVT_1234,LOC_LOG_9016,SEC_06,2024-02-21,Manutenção Via,240,6396.34
EVT_1235,LOC_LOG_9008,SEC_02,2024-02-28,Manutenção Via,221,6615.73
EVT_1236,LOC_LOG_9000,SEC_02,2024-04-25,Manutenção Via,189,5664.3
EVT_1237,LOC_LOG_9001,SEC_02,2024-02-21,Aguardando Pátio,25,1037.23
EVT_1238,LOC_LOG_9011,SEC_04,2024-04-22,Cruzamento/Sinal Vermelho,137,4232.99
EVT_1239,LOC_LOG_9014,SEC_03,2024-05-19,Aguardando Pátio,118,4053.74
EVT_1240,LOC_LOG_9019,SEC_01,2024-02-26,Cruzamento/Sinal Vermelho,104,3298.53
EVT_1241,LOC_LOG_9011,SEC_03,2024-05-03,Cruzamento/Sinal Vermelho,82,2732.65
EVT_1242,LOC_LOG_9007,SEC_03,2024-02-01,Cruzamento/Sinal Vermelho,132,4357.42
EVT_1243,LOC_LOG_9008,SEC_04,2024-01-25,Cruzamento/Sinal Vermelho,121,3327.46
EVT_1244,LOC_LOG_9017,SEC_01,2024-01-09,Cruzamento/Sinal Vermelho,206,5556.66
EVT_1245,LOC_LOG_9016,SEC_01,2024-05-22,Aguardando Pátio,19,961.5
EVT_1246,LOC_LOG_9013,SEC_05,2024-05-26,Manutenção Via,68,2090.34
EVT_1247,LOC_LOG_9008,SEC_01,2024-03-13,Cruzamento/Sinal Vermelho,135,3820.69
EVT_1248,LOC_LOG_9001,SEC_05,2024-04-03,Manutenção Via,13,1090.17
EVT_1249,LOC_LOG_9011,SEC_04,2024-05-27,Cruzamento/Sinal Vermelho,37,1358.32
EVT_1250,LOC_LOG_9003,SEC_03,2024-01-06,Cruzamento/Sinal Vermelho,190,5104.72
EVT_1251,LOC_LOG_9006,SEC_05,2024-01-16,Manutenção Via,20,1167.73
EVT_1252,LOC_LOG_9007,SEC_01,2024-01-19,Manutenção Via,128,4141.36
EVT_1253,LOC_LOG_9002,SEC_01,2024-03-01,Aguardando Pátio,218,6533.21
EVT_1254,LOC_LOG_9016,SEC_03,2024-03-06,Cruzamento/Sinal Vermelho,135,3945.21
EVT_1255,LOC_LOG_9012,SEC_02,2024-05-25,Aguardando Pátio,39,1908.66
EVT_1256,LOC_LOG_9000,SEC_05,2024-01-05,Manutenção Via,121,3488.55
EVT_1257,LOC_LOG_9016,SEC_06,2024-04-06,Falha Mecânica,100,3202.14
EVT_1258,LOC_LOG_9013,SEC_05,2024-05-08,Cruzamento/Sinal Vermelho,74,2596.56
EVT_1259,LOC_LOG_9003,SEC_05,2024-02-07,Manutenção Via,11,875.39
EVT_1260,LOC_LOG_9006,SEC_05,2024-05-02,Manutenção Via,113,3265.93
EVT_1261,LOC_LOG_9014,SEC_03,2024-05-27,Falha Mecânica,224,6293.73
EVT_1262,LOC_LOG_9013,SEC_02,2024-03-12,Cruzamento/Sinal Vermelho,30,1367.91
EVT_1263,LOC_LOG_9016,SEC_02,2024-01-12,Manutenção Via,222,5974.4
EVT_1264,LOC_LOG_9015,SEC_01,2024-06-04,Cruzamento/Sinal Vermelho,18,801.82
EVT_1265,LOC_LOG_9012,SEC_04,2024-02-18,Manutenção Via,118,3340.15
EVT_1266,LOC_LOG_9010,SEC_06,2024-06-24,Cruzamento/Sinal Vermelho,160,4322.44
EVT_1267,LOC_LOG_9003,SEC_01,2024-01-13,Cruzamento/Sinal Vermelho,124,3929.66
EVT_1268,LOC_LOG_9014,SEC_01,2024-05-01,Manutenção Via,74,2183.62
EVT_1269,LOC_LOG_9008,SEC_05,2024-05-16,Cruzamento/Sinal Vermelho,70,2539.49
EVT_1270,LOC_LOG_9017,SEC_01,2024-06-20,Cruzamento/Sinal Vermelho,220,6443.41
EVT_1271,LOC_LOG_9008,SEC_05,2024-05-17,Cruzamento/Sinal Vermelho,10,833.54
EVT_1272,LOC_LOG_9002,SEC_03,2024-05-01,Cruzamento/Sinal Vermelho,210,5704.91
EVT_1273,LOC_LOG_9019,SEC_05,2024-02-16,Falha Mecânica,138,3784.11
EVT_1274,LOC_LOG_9009,SEC_06,2024-04-17,Manutenção Via,222,6388.14
EVT_1275,LOC_LOG_9012,SEC_05,2024-03-31,Aguardando Pátio,145,4815.73
EVT_1276,LOC_LOG_9007,SEC_06,2024-04-26,Cruzamento/Sinal Vermelho,26,1128.8
EVT_1277,LOC_LOG_9014,SEC_06,2024-04-17,Falha Mecânica,40,2032.3
EVT_1278,LOC_LOG_9019,SEC_05,2024-03-10,Cruzamento/Sinal Vermelho,201,5588.35
EVT_1279,LOC_LOG_9012,SEC_01,2024-03-15,Manutenção Via,48,1694.66
EVT_1280,LOC_LOG_9001,SEC_04,2024-02-22,Cruzamento/Sinal Vermelho,132,4113.92
EVT_1281,LOC_LOG_9007,SEC_02,2024-02-15,Aguardando Pátio,205,5715.09
EVT_1282,LOC_LOG_9006,SEC_06,2024-02-03,Manutenção Via,186,5820.34
EVT_1283,LOC_LOG_9018,SEC_05,2024-05-01,Cruzamento/Sinal Vermelho,84,2924.58
EVT_1284,LOC_LOG_9003,SEC_05,2024-06-15,Cruzamento/Sinal Vermelho,124,4126.31
EVT_1285,LOC_LOG_9008,SEC_02,2024-01-13,Manutenção Via,236,6587.71
EVT_1286,LOC_LOG_9004,SEC_01,2024-06-28,Cruzamento/Sinal Vermelho,64,2320.54
EVT_1287,LOC_LOG_9014,SEC_05,2024-04-03,Cruzamento/Sinal Vermelho,226,6104.38
EVT_1288,LOC_LOG_9013,SEC_01,2024-01-17,Cruzamento/Sinal Vermelho,225,6067.52
EVT_1289,LOC_LOG_9000,SEC_06,2024-05-01,Manutenção Via,215,6269.4
EVT_1290,LOC_LOG_9003,SEC_05,2024-02-17,Aguardando Pátio,214,5725.32
EVT_1291,LOC_LOG_9019,SEC_05,2024-03-08,Cruzamento/Sinal Vermelho,141,4360.93
EVT_1292,LOC_LOG_9018,SEC_04,2024-06-10,Cruzamento/Sinal Vermelho,240,6431.95
EVT_1293,LOC_LOG_9002,SEC_04,2024-01-21,Aguardando Pátio,15,1332.86
EVT_1294,LOC_LOG_9016,SEC_06,2024-04-07,Manutenção Via,160,5168.12
EVT_1295,LOC_LOG_9016,SEC_01,2024-06-17,Cruzamento/Sinal Vermelho,218,6488.31
EVT_1296,LOC_LOG_9017,SEC_04,2024-01-13,Aguardando Pátio,238,6484.03
EVT_1297,LOC_LOG_9004,SEC_02,2024-04-07,Cruzamento/Sinal Vermelho,204,5508.22
EVT_1298,LOC_LOG_9011,SEC_05,2024-06-21,Cruzamento/Sinal Vermelho,141,4488.7
EVT_1299,LOC_LOG_9018,SEC_04,2024-02-12,Falha Mecânica,139,4111.42
EVT_1300,LOC_LOG_9000,SEC_05,2024-06-18,Falha Mecânica,54,1705.54
EVT_1301,LOC_LOG_9008,SEC_05,2024-01-05,Cruzamento/Sinal Vermelho,21,1201.91
EVT_1302,LOC_LOG_9015,SEC_06,2024-02-28,Cruzamento/Sinal Vermelho,33,1870.93
EVT_1303,LOC_LOG_9006,SEC_04,2024-02-02,Cruzamento/Sinal Vermelho,154,4226.62
EVT_1304,LOC_LOG_9012,SEC_01,2024-04-18,Cruzamento/Sinal Vermelho,205,6008.16
EVT_1305,LOC_LOG_9005,SEC_05,2024-01-16,Cruzamento/Sinal Vermelho,238,6699.72
EVT_1306,LOC_LOG_9018,SEC_03,2024-05-28,Cruzamento/Sinal Vermelho,212,5748.81
EVT_1307,LOC_LOG_9013,SEC_05,2024-05-02,Falha Mecânica,139,3910.39
EVT_1308,LOC_LOG_9012,SEC_05,2024-05-12,Aguardando Pátio,181,5662.19
EVT_1309,LOC_LOG_9001,SEC_03,2024-03-27,Manutenção Via,21,1354.96
EVT_1310,LOC_LOG_9003,SEC_03,2024-02-11,Manutenção Via,212,5679.59
EVT_1311,LOC_LOG_9013,SEC_01,2024-04-15,Cruzamento/Sinal Vermelho,100,3184.43
EVT_1312,LOC_LOG_9017,SEC_06,2024-03-30,Cruzamento/Sinal Vermelho,73,2284.33
EVT_1313,LOC_LOG_9017,SEC_05,2024-02-21,Cruzamento/Sinal Vermelho,67,2274.98
EVT_1314,LOC_LOG_9011,SEC_01,2024-03-09,Aguardando Pátio,209,6362.91
EVT_1315,LOC_LOG_9012,SEC_02,2024-04-15,Cruzamento/Sinal Vermelho,84,2976.0
EVT_1316,LOC_LOG_9019,SEC_04,2024-06-10,Aguardando Pátio,189,5600.69
EVT_1317,LOC_LOG_9019,SEC_04,2024-06-01,Manutenção Via,108,3492.12
EVT_1318,LOC_LOG_9008,SEC_05,2024-05-11,Cruzamento/Sinal Vermelho,119,3298.06
EVT_1319,LOC_LOG_9016,SEC_03,2024-03-23,Cruzamento/Sinal Vermelho,48,1558.28
EVT_1320,LOC_LOG_9004,SEC_05,2024-01-03,Manutenção Via,96,2791.99
EVT_1321,LOC_LOG_9005,SEC_03,2024-01-26,Falha Mecânica,158,4934.04
EVT_1322,LOC_LOG_9013,SEC_03,2024-05-30,Aguardando Pátio,148,4492.04
EVT_1323,LOC_LOG_9016,SEC_05,2024-01-01,Cruzamento/Sinal Vermelho,212,6300.8
EVT_1324,LOC_LOG_9017,SEC_04,2024-02-18,Manutenção Via,146,4577.02
EVT_1325,LOC_LOG_9019,SEC_01,2024-02-11,Cruzamento/Sinal Vermelho,235,6567.32
EVT_1326,LOC_LOG_9008,SEC_04,2024-06-28,Falha Mecânica,132,3736.2
EVT_1327,LOC_LOG_9016,SEC_04,2024-06-28,Aguardando Pátio,164,4918.18
EVT_1328,LOC_LOG_9000,SEC_05,2024-03-18,Manutenção Via,223,5932.07
EVT_1329,LOC_LOG_9002,SEC_02,2024-02-24,Cruzamento/Sinal Vermelho,222,5951.65
EVT_1330,LOC_LOG_9007,SEC_03,2024-06-12,Manutenção Via,179,5454.94
EVT_1331,LOC_LOG_9005,SEC_02,2024-04-19,Cruzamento/Sinal Vermelho,192,5466.64
EVT_1332,LOC_LOG_9006,SEC_04,2024-02-12,Cruzamento/Sinal Vermelho,194,5516.87
EVT_1333,LOC_LOG_9010,SEC_02,2024-01-01,Cruzamento/Sinal Vermelho,73,2164.41
EVT_1334,LOC_LOG_9010,SEC_05,2024-02-16,Falha Mecânica,140,3884.96
EVT_1335,LOC_LOG_9000,SEC_02,2024-03-01,Manutenção Via,102,3665.79
EVT_1336,LOC_LOG_9009,SEC_04,2024-02-20,Cruzamento/Sinal Vermelho,47,1710.96
EVT_1337,LOC_LOG_9003,SEC_04,2024-04-22,Aguardando Pátio,91,3160.26
EVT_1338,LOC_LOG_9006,SEC_06,2024-06-07,Cruzamento/Sinal Vermelho,84,2646.24
EVT_1339,LOC_LOG_9018,SEC_04,2024-05-23,Cruzamento/Sinal Vermelho,112,3860.62
EVT_1340,LOC_LOG_9015,SEC_06,2024-03-26,Cruzamento/Sinal Vermelho,26,1645.16
EVT_1341,LOC_LOG_9008,SEC_05,2024-01-24,Manutenção Via,147,4490.91
EVT_1342,LOC_LOG_9001,SEC_05,2024-04-09,Manutenção Via,148,4860.78
EVT_1343,LOC_LOG_9000,SEC_04,2024-05-12,Cruzamento/Sinal Vermelho,128,4250.0
EVT_1344,LOC_LOG_9003,SEC_03,2024-01-27,Aguardando Pátio,30,1448.57
EVT_1345,LOC_LOG_9016,SEC_01,2024-03-16,Cruzamento/Sinal Vermelho,211,5778.83
EVT_1346,LOC_LOG_9019,SEC_02,2024-02-29,Aguardando Pátio,110,3613.93
EVT_1347,LOC_LOG_9008,SEC_05,2024-06-21,Cruzamento/Sinal Vermelho,118,3804.82
EVT_1348,LOC_LOG_9019,SEC_02,2024-04-08,Aguardando Pátio,188,5877.73
EVT_1349,LOC_LOG_9019,SEC_05,2024-03-13,Manutenção Via,122,3630.45
EVT_1350,LOC_LOG_9012,SEC_05,2024-04-02,Manutenção Via,89,3144.82
EVT_1351,LOC_LOG_9002,SEC_03,2024-06-06,Cruzamento/Sinal Vermelho,97,3254.52
EVT_1352,LOC_LOG_9010,SEC_06,2024-06-27,Manutenção Via,22,949.58
EVT_1353,LOC_LOG_9004,SEC_06,2024-04-21,Cruzamento/Sinal Vermelho,163,4986.57
EVT_1354,LOC_LOG_9015,SEC_03,2024-01-11,Aguardando Pátio,73,2752.29
EVT_1355,LOC_LOG_9001,SEC_03,2024-03-10,Cruzamento/Sinal Vermelho,39,1338.35
EVT_1356,LOC_LOG_9013,SEC_06,2024-01-15,Cruzamento/Sinal Vermelho,196,5255.68
EVT_1357,LOC_LOG_9019,SEC_05,2024-05-31,Manutenção Via,202,6044.16
EVT_1358,LOC_LOG_9012,SEC_02,2024-05-27,Aguardando Pátio,117,3507.95
EVT_1359,LOC_LOG_9004,SEC_01,2024-03-15,Cruzamento/Sinal Vermelho,141,4346.34
EVT_1360,LOC_LOG_9011,SEC_05,2024-02-29,Falha Mecânica,24,1241.08
EVT_1361,LOC_LOG_9001,SEC_01,2024-01-02,Falha Mecânica,162,4940.46
EVT_1362,LOC_LOG_9009,SEC_02,2024-04-14,Manutenção Via,86,2927.32
EVT_1363,LOC_LOG_9008,SEC_02,2024-04-15,Cruzamento/Sinal Vermelho,22,1113.99
EVT_1364,LOC_LOG_9012,SEC_06,2024-03-09,Aguardando Pátio,231,6321.57
EVT_1365,LOC_LOG_9017,SEC_05,2024-06-13,Cruzamento/Sinal Vermelho,121,3713.21
EVT_1366,LOC_LOG_9001,SEC_03,2024-03-15,Cruzamento/Sinal Vermelho,212,5992.22
EVT_1367,LOC_LOG_9000,SEC_03,2024-01-30,Falha Mecânica,90,2931.23
EVT_1368,LOC_LOG_9015,SEC_04,2024-03-07,Falha Mecânica,97,3208.77
EVT_1369,LOC_LOG_9018,SEC_04,2024-01-06,Falha Mecânica,210,6407.69
EVT_1370,LOC_LOG_9010,SEC_02,2024-05-19,Cruzamento/Sinal Vermelho,59,2478.13
EVT_1371,LOC_LOG_9019,SEC_01,2024-05-26,Cruzamento/Sinal Vermelho,118,3367.77
EVT_1372,LOC_LOG_9011,SEC_03,2024-06-05,Cruzamento/Sinal Vermelho,214,6013.99
EVT_1373,LOC_LOG_9004,SEC_06,2024-03-10,Cruzamento/Sinal Vermelho,57,2418.38
EVT_1374,LOC_LOG_9009,SEC_01,2024-03-02,Cruzamento/Sinal Vermelho,37,1581.84
EVT_1375,LOC_LOG_9019,SEC_05,2024-03-01,Cruzamento/Sinal Vermelho,98,2956.01
EVT_1376,LOC_LOG_9000,SEC_06,2024-01-10,Manutenção Via,182,5232.95
EVT_1377,LOC_LOG_9005,SEC_01,2024-06-04,Aguardando Pátio,54,1786.94
EVT_1378,LOC_LOG_9014,SEC_04,2024-02-02,Aguardando Pátio,235,6605.53
EVT_1379,LOC_LOG_9015,SEC_03,2024-04-29,Aguardando Pátio,112,3220.9
EVT_1380,LOC_LOG_9019,SEC_01,2024-02-27,Cruzamento/Sinal Vermelho,109,3049.97
EVT_1381,LOC_LOG_9005,SEC_03,2024-01-15,Cruzamento/Sinal Vermelho,191,5960.14
EVT_1382,LOC_LOG_9011,SEC_05,2024-01-17,Aguardando Pátio,218,6610.89
EVT_1383,LOC_LOG_9016,SEC_06,2024-04-07,Manutenção Via,109,3919.04
EVT_1384,LOC_LOG_9017,SEC_01,2024-01-02,Manutenção Via,37,1652.13
EVT_1385,LOC_LOG_9012,SEC_04,2024-04-03,Cruzamento/Sinal Vermelho,192,5545.08
EVT_1386,LOC_LOG_9004,SEC_02,2024-04-11,Cruzamento/Sinal Vermelho,233,6196.22
EVT_1387,LOC_LOG_9019,SEC_03,2024-04-15,Manutenção Via,123,4212.65
EVT_1388,LOC_LOG_9000,SEC_03,2024-06-12,Aguardando Pátio,124,3521.42
EVT_1389,LOC_LOG_9013,SEC_03,2024-05-10,Falha Mecânica,228,6147.7
EVT_1390,LOC_LOG_9013,SEC_01,2024-05-27,Manutenção Via,47,2132.4
EVT_1391,LOC_LOG_9005,SEC_01,2024-06-16,Manutenção Via,62,2325.89
EVT_1392,LOC_LOG_9015,SEC_03,2024-02-11,Aguardando Pátio,68,2387.08
EVT_1393,LOC_LOG_9018,SEC_06,2024-05-06,Manutenção Via,108,3779.76
EVT_1394,LOC_LOG_9001,SEC_04,2024-04-06,Manutenção Via,151,4390.32
EVT_1395,LOC_LOG_9005,SEC_03,2024-05-29,Falha Mecânica,77,3078.19
EVT_1396,LOC_LOG_9009,SEC_02,2024-02-01,Aguardando Pátio,41,1929.57
EVT_1397,LOC_LOG_9007,SEC_05,2024-05-06,Falha Mecânica,93,3415.78
EVT_1398,LOC_LOG_9008,SEC_01,2024-03-06,Cruzamento/Sinal Vermelho,18,1358.24
EVT_1399,LOC_LOG_9008,SEC_03,2024-03-19,Manutenção Via,177,5055.68
EVT_1400,LOC_LOG_9014,SEC_03,2024-04-28,Aguardando Pátio,199,5406.08
EVT_1401,LOC_LOG_9002,SEC_01,2024-02-05,Cruzamento/Sinal Vermelho,45,2275.02
EVT_1402,LOC_LOG_9014,SEC_03,2024-01-29,Aguardando Pátio,207,5958.54
EVT_1403,LOC_LOG_9015,SEC_06,2024-05-19,Cruzamento/Sinal Vermelho,168,5160.1
EVT_1404,LOC_LOG_9002,SEC_04,2024-06-28,Aguardando Pátio,122,4161.05
EVT_1405,LOC_LOG_9006,SEC_02,2024-03-13,Manutenção Via,180,5064.12
EVT_1406,LOC_LOG_9005,SEC_04,2024-04-26,Cruzamento/Sinal Vermelho,53,1652.63
EVT_1407,LOC_LOG_9017,SEC_05,2024-06-06,Cruzamento/Sinal Vermelho,107,3591.57
EVT_1408,LOC_LOG_9002,SEC_04,2024-05-29,Manutenção Via,100,3442.8
EVT_1409,LOC_LOG_9017,SEC_01,2024-04-29,Manutenção Via,215,6437.12
EVT_1410,LOC_LOG_9012,SEC_02,2024-04-20,Cruzamento/Sinal Vermelho,221,5862.53
EVT_1411,LOC_LOG_9006,SEC_01,2024-02-29,Aguardando Pátio,108,3547.99
EVT_1412,LOC_LOG_9007,SEC_03,2024-05-24,Manutenção Via,194,5640.79
EVT_1413,LOC_LOG_9004,SEC_03,2024-05-31,Manutenção Via,169,5329.41
EVT_1414,LOC_LOG_9007,SEC_03,2024-03-01,Cruzamento/Sinal Vermelho,13,657.19
EVT_1415,LOC_LOG_9003,SEC_05,2024-06-16,Falha Mecânica,27,1618.64
EVT_1416,LOC_LOG_9014,SEC_04,2024-03-13,Cruzamento/Sinal Vermelho,139,4032.95
EVT_1417,LOC_LOG_9002,SEC_04,2024-06-13,Manutenção Via,98,3640.01
EVT_1418,LOC_LOG_9008,SEC_03,2024-02-20,Aguardando Pátio,181,5684.96
EVT_1419,LOC_LOG_9008,SEC_04,2024-02-17,Cruzamento/Sinal Vermelho,23,1618.27
EVT_1420,LOC_LOG_9017,SEC_03,2024-02-08,Manutenção Via,186,5009.36
EVT_1421,LOC_LOG_9019,SEC_02,2024-04-19,Cruzamento/Sinal Vermelho,125,4059.12
EVT_1422,LOC_LOG_9003,SEC_01,2024-04-10,Aguardando Pátio,174,5267.62
EVT_1423,LOC_LOG_9010,SEC_02,2024-05-17,Manutenção Via,174,5186.18
EVT_1424,LOC_LOG_9017,SEC_04,2024-01-27,Aguardando Pátio,138,4211.24
EVT_1425,LOC_LOG_9017,SEC_06,2024-02-16,Aguardando Pátio,108,3723.51
EVT_1426,LOC_LOG_9018,SEC_04,2024-04-13,Manutenção Via,160,4774.92
EVT_1427,LOC_LOG_9004,SEC_06,2024-05-21,Aguardando Pátio,163,4429.83
EVT_1428,LOC_LOG_9010,SEC_04,2024-06-28,Manutenção Via,158,4882.77
EVT_1429,LOC_LOG_9015,SEC_01,2024-06-01,Cruzamento/Sinal Vermelho,80,3055.77
EVT_1430,LOC_LOG_9004,SEC_03,2024-05-03,Manutenção Via,106,3159.3
EVT_1431,LOC_LOG_9002,SEC_06,2024-05-27,Falha Mecânica,163,4861.4
EVT_1432,LOC_LOG_9012,SEC_06,2024-06-24,Cruzamento/Sinal Vermelho,74,2307.53
EVT_1433,LOC_LOG_9006,SEC_05,2024-01-25,Cruzamento/Sinal Vermelho,176,4903.75
EVT_1434,LOC_LOG_9005,SEC_05,2024-03-22,Cruzamento/Sinal Vermelho,70,2264.44
EVT_1435,LOC_LOG_9003,SEC_02,2024-05-24,Cruzamento/Sinal Vermelho,38,2136.8
EVT_1436,LOC_LOG_9017,SEC_04,2024-04-30,Cruzamento/Sinal Vermelho,17,1077.71
EVT_1437,LOC_LOG_9005,SEC_05,2024-05-28,Cruzamento/Sinal Vermelho,63,2760.06
EVT_1438,LOC_LOG_9016,SEC_01,2024-04-04,Cruzamento/Sinal Vermelho,192,5620.27
EVT_1439,LOC_LOG_9006,SEC_02,2024-06-17,Manutenção Via,47,1584.01
EVT_1440,LOC_LOG_9003,SEC_01,2024-05-28,Cruzamento/Sinal Vermelho,57,1932.02
EVT_1441,LOC_LOG_9000,SEC_01,2024-06-10,Manutenção Via,26,1572.5
EVT_1442,LOC_LOG_9014,SEC_04,2024-03-11,Aguardando Pátio,107,3078.15
EVT_1443,LOC_LOG_9000,SEC_05,2024-06-14,Falha Mecânica,225,6493.24
EVT_1444,LOC_LOG_9017,SEC_06,2024-05-02,Manutenção Via,133,4268.38
EVT_1445,LOC_LOG_9000,SEC_05,2024-01-23,Cruzamento/Sinal Vermelho,31,1811.05
EVT_1446,LOC_LOG_9011,SEC_04,2024-02-04,Falha Mecânica,213,5708.65
EVT_1447,LOC_LOG_9007,SEC_05,2024-01-12,Aguardando Pátio,84,3235.7
EVT_1448,LOC_LOG_9007,SEC_06,2024-04-28,Cruzamento/Sinal Vermelho,31,1605.67
EVT_1449,LOC_LOG_9001,SEC_04,2024-05-17,Cruzamento/Sinal Vermelho,80,2679.03
EVT_1450,LOC_LOG_9017,SEC_06,2024-05-16,Cruzamento/Sinal Vermelho,45,1600.49
EVT_1451,LOC_LOG_9013,SEC_05,2024-02-26,Cruzamento/Sinal Vermelho,90,3298.85
EVT_1452,LOC_LOG_9003,SEC_01,2024-05-23,Cruzamento/Sinal Vermelho,10,728.7
EVT_1453,LOC_LOG_9000,SEC_04,2024-05-20,Falha Mecânica,223,6551.44
EVT_1454,LOC_LOG_9005,SEC_01,2024-06-15,Manutenção Via,104,3635.63
EVT_1455,LOC_LOG_9010,SEC_06,2024-02-20,Manutenção Via,160,4641.27
EVT_1456,LOC_LOG_9002,SEC_03,2024-05-31,Aguardando Pátio,15,1487.65
EVT_1457,LOC_LOG_9013,SEC_04,2024-01-09,Aguardando Pátio,239,6876.6
EVT_1458,LOC_LOG_9008,SEC_01,2024-03-17,Aguardando Pátio,28,1011.74
EVT_1459,LOC_LOG_9012,SEC_03,2024-04-27,Falha Mecânica,86,3230.75
EVT_1460,LOC_LOG_9002,SEC_06,2024-05-09,Cruzamento/Sinal Vermelho,225,6727.63
EVT_1461,LOC_LOG_9007,SEC_03,2024-06-20,Falha Mecânica,10,1276.99
EVT_1462,LOC_LOG_9010,SEC_01,2024-04-08,Aguardando Pátio,112,3652.71
EVT_1463,LOC_LOG_9018,SEC_03,2024-06-16,Cruzamento/Sinal Vermelho,207,6031.75
EVT_1464,LOC_LOG_9016,SEC_05,2024-01-08,Manutenção Via,13,955.56
EVT_1465,LOC_LOG_9006,SEC_04,2024-04-12,Manutenção Via,117,3718.41
EVT_1466,LOC_LOG_9017,SEC_02,2024-02-23,Falha Mecânica,106,3430.87
EVT_1467,LOC_LOG_9018,SEC_05,2024-04-13,Cruzamento/Sinal Vermelho,113,3268.38
EVT_1468,LOC_LOG_9014,SEC_01,2024-04-20,Manutenção Via,145,4135.67
EVT_1469,LOC_LOG_9017,SEC_05,2024-03-19,Cruzamento/Sinal Vermelho,143,4682.94
EVT_1470,LOC_LOG_9003,SEC_04,2024-04-12,Cruzamento/Sinal Vermelho,145,4820.51
EVT_1471,LOC_LOG_9015,SEC_05,2024-04-30,Cruzamento/Sinal Vermelho,28,1327.68
EVT_1472,LOC_LOG_9018,SEC_04,2024-03-08,Manutenção Via,56,2026.72
EVT_1473,LOC_LOG_9002,SEC_05,2024-06-02,Aguardando Pátio,126,4257.11
EVT_1474,LOC_LOG_9019,SEC_02,2024-01-05,Cruzamento/Sinal Vermelho,42,1370.05
EVT_1475,LOC_LOG_9004,SEC_04,2024-01-16,Manutenção Via,235,6806.39
EVT_1476,LOC_LOG_9011,SEC_04,2024-06-28,Cruzamento/Sinal Vermelho,227,6842.05
EVT_1477,LOC_LOG_9018,SEC_05,2024-04-05,Cruzamento/Sinal Vermelho,222,6635.41
EVT_1478,LOC_LOG_9000,SEC_03,2024-03-10,Manutenção Via,30,1547.97
EVT_1479,LOC_LOG_9018,SEC_03,2024-01-02,Cruzamento/Sinal Vermelho,45,2271.67
EVT_1480,LOC_LOG_9014,SEC_03,2024-05-22,Manutenção Via,95,3134.45
EVT_1481,LOC_LOG_9003,SEC_04,2024-06-25,Cruzamento/Sinal Vermelho,134,4061.23
EVT_1482,LOC_LOG_9002,SEC_06,2024-05-08,Cruzamento/Sinal Vermelho,201,5449.17
EVT_1483,LOC_LOG_9012,SEC_05,2024-02-24,Manutenção Via,57,2430.65
EVT_1484,LOC_LOG_9017,SEC_06,2024-01-18,Manutenção Via,214,6401.31
EVT_1485,LOC_LOG_9004,SEC_03,2024-04-10,Cruzamento/Sinal Vermelho,33,1672.7
EVT_1486,LOC_LOG_9012,SEC_02,2024-04-17,Manutenção Via,121,3564.64
EVT_1487,LOC_LOG_9004,SEC_05,2024-01-30,Aguardando Pátio,132,3900.84
EVT_1488,LOC_LOG_9002,SEC_04,2024-04-16,Aguardando Pátio,23,1605.05
EVT_1489,LOC_LOG_9008,SEC_06,2024-06-09,Cruzamento/Sinal Vermelho,197,5554.8
EVT_1490,LOC_LOG_9004,SEC_01,2024-06-15,Manutenção Via,220,6298.2
EVT_1491,LOC_LOG_9009,SEC_03,2024-05-03,Manutenção Via,134,4400.1
EVT_1492,LOC_LOG_9010,SEC_04,2024-01-09,Cruzamento/Sinal Vermelho,209,5980.22
EVT_1493,LOC_LOG_9018,SEC_02,2024-01-01,Aguardando Pátio,42,2110.11
EVT_1494,LOC_LOG_9015,SEC_01,2024-03-07,Falha Mecânica,191,5592.07
EVT_1495,LOC_LOG_9001,SEC_01,2024-06-19,Aguardando Pátio,171,4934.37
EVT_1496,LOC_LOG_9010,SEC_04,2024-06-17,Aguardando Pátio,80,3155.58
EVT_1497,LOC_LOG_9005,SEC_02,2024-03-24,Aguardando Pátio,221,5947.41
EVT_1498,LOC_LOG_9015,SEC_02,2024-06-03,Manutenção Via,138,3896.66
EVT_1499,LOC_LOG_9019,SEC_03,2024-04-11,Manutenção Via,237,6874.01
EVT_1500,LOC_LOG_9008,SEC_01,2024-05-23,Aguardando Pátio,24,980.06
EVT_1501,LOC_LOG_9016,SEC_02,2024-04-04,Manutenção Via,51,2194.96
EVT_1502,LOC_LOG_9014,SEC_02,2024-05-10,Cruzamento/Sinal Vermelho,33,1247.62
EVT_1503,LOC_LOG_9002,SEC_04,2024-03-17,Cruzamento/Sinal Vermelho,148,4831.78
EVT_1504,LOC_LOG_9011,SEC_01,2024-05-24,Aguardando Pátio,133,3684.32
EVT_1505,LOC_LOG_9011,SEC_05,2024-05-23,Cruzamento/Sinal Vermelho,174,5278.21
EVT_1506,LOC_LOG_9001,SEC_01,2024-06-21,Manutenção Via,39,1791.92
EVT_1507,LOC_LOG_9000,SEC_05,2024-06-26,Falha Mecânica,55,2434.46
EVT_1508,LOC_LOG_9003,SEC_06,2024-06-10,Aguardando Pátio,32,1383.49
EVT_1509,LOC_LOG_9002,SEC_06,2024-03-18,Falha Mecânica,235,6214.26
EVT_1510,LOC_LOG_9007,SEC_04,2024-03-07,Manutenção Via,23,1613.73
EVT_1511,LOC_LOG_9006,SEC_01,2024-01-25,Cruzamento/Sinal Vermelho,18,1166.14
EVT_1512,LOC_LOG_9013,SEC_05,2024-05-27,Aguardando Pátio,90,3162.44
EVT_1513,LOC_LOG_9015,SEC_03,2024-01-01,Cruzamento/Sinal Vermelho,189,5771.98
EVT_1514,LOC_LOG_9002,SEC_05,2024-04-28,Cruzamento/Sinal Vermelho,156,4906.69
EVT_1515,LOC_LOG_9010,SEC_06,2024-04-12,Cruzamento/Sinal Vermelho,85,2629.3
EVT_1516,LOC_LOG_9004,SEC_05,2024-04-27,Cruzamento/Sinal Vermelho,143,4296.49
EVT_1517,LOC_LOG_9017,SEC_05,2024-04-17,Cruzamento/Sinal Vermelho,64,2678.68
EVT_1518,LOC_LOG_9011,SEC_02,2024-03-16,Cruzamento/Sinal Vermelho,162,4581.38
EVT_1519,LOC_LOG_9015,SEC_01,2024-06-23,Manutenção Via,115,3927.7
EVT_1520,LOC_LOG_9019,SEC_06,2024-01-17,Aguardando Pátio,141,4658.13
EVT_1521,LOC_LOG_9015,SEC_02,2024-06-26,Cruzamento/Sinal Vermelho,216,5979.77
EVT_1522,LOC_LOG_9002,SEC_02,2024-04-08,Cruzamento/Sinal Vermelho,240,6993.46
EVT_1523,LOC_LOG_9002,SEC_01,2024-05-20,Manutenção Via,76,2499.06
EVT_1524,LOC_LOG_9011,SEC_05,2024-01-28,Manutenção Via,179,5324.7
EVT_1525,LOC_LOG_9005,SEC_01,2024-02-10,Falha Mecânica,129,4328.16
EVT_1526,LOC_LOG_9011,SEC_04,2024-02-08,Cruzamento/Sinal Vermelho,75,2646.62
EVT_1527,LOC_LOG_9007,SEC_03,2024-06-09,Aguardando Pátio,233,6951.56
EVT_1528,LOC_LOG_9016,SEC_01,2024-03-17,Manutenção Via,113,3900.84
EVT_1529,LOC_LOG_9017,SEC_04,2024-06-27,Manutenção Via,19,1445.8
EVT_1530,LOC_LOG_9006,SEC_05,2024-03-22,Cruzamento/Sinal Vermelho,150,4247.13
EVT_1531,LOC_LOG_9008,SEC_03,2024-05-10,Cruzamento/Sinal Vermelho,148,4453.04
EVT_1532,LOC_LOG_9009,SEC_02,2024-04-09,Cruzamento/Sinal Vermelho,91,3295.18
EVT_1533,LOC_LOG_9009,SEC_04,2024-03-10,Cruzamento/Sinal Vermelho,45,1911.17
EVT_1534,LOC_LOG_9010,SEC_01,2024-03-01,Manutenção Via,124,4134.67
EVT_1535,LOC_LOG_9008,SEC_06,2024-06-17,Aguardando Pátio,22,1204.13
EVT_1536,LOC_LOG_9019,SEC_03,2024-03-22,Aguardando Pátio,100,2872.06
EVT_1537,LOC_LOG_9012,SEC_02,2024-06-23,Manutenção Via,62,2358.11
EVT_1538,LOC_LOG_9000,SEC_05,2024-05-12,Manutenção Via,18,1236.76
EVT_1539,LOC_LOG_9010,SEC_01,2024-03-01,Cruzamento/Sinal Vermelho,20,1244.05
EVT_1540,LOC_LOG_9009,SEC_06,2024-05-07,Falha Mecânica,17,1324.47
EVT_1541,LOC_LOG_9003,SEC_02,2024-04-19,Manutenção Via,35,2030.94
EVT_1542,LOC_LOG_9014,SEC_05,2024-01-19,Cruzamento/Sinal Vermelho,109,3110.28
EVT_1543,LOC_LOG_9000,SEC_02,2024-06-28,Cruzamento/Sinal Vermelho,94,3374.9
EVT_1544,LOC_LOG_9014,SEC_06,2024-05-08,Manutenção Via,109,3073.59
EVT_1545,LOC_LOG_9005,SEC_02,2024-05-07,Manutenção Via,172,4621.41
EVT_1546,LOC_LOG_9019,SEC_03,2024-05-10,Cruzamento/Sinal Vermelho,69,2308.61
EVT_1547,LOC_LOG_9008,SEC_06,2024-06-16,Aguardando Pátio,31,1689.33
EVT_1548,LOC_LOG_9002,SEC_06,2024-01-01,Aguardando Pátio,44,1564.02
EVT_1549,LOC_LOG_9010,SEC_05,2024-06-13,Manutenção Via,101,3609.73
EVT_1550,LOC_LOG_9000,SEC_02,2024-01-11,Cruzamento/Sinal Vermelho,230,6425.91
EVT_1551,LOC_LOG_9001,SEC_01,2024-05-27,Cruzamento/Sinal Vermelho,91,2674.89
EVT_1552,LOC_LOG_9005,SEC_03,2024-02-09,Falha Mecânica,214,6239.21
EVT_1553,LOC_LOG_9018,SEC_03,2024-05-04,Aguardando Pátio,122,3920.34
EVT_1554,LOC_LOG_9010,SEC_01,2024-04-22,Cruzamento/Sinal Vermelho,122,3604.27
EVT_1555,LOC_LOG_9015,SEC_01,2024-06-23,Cruzamento/Sinal Vermelho,205,5823.65
EVT_1556,LOC_LOG_9004,SEC_04,2024-02-04,Cruzamento/Sinal Vermelho,162,4845.67
EVT_1557,LOC_LOG_9011,SEC_06,2024-06-18,Cruzamento/Sinal Vermelho,200,5830.9
EVT_1558,LOC_LOG_9000,SEC_02,2024-03-07,Manutenção Via,180,5475.9
EVT_1559,LOC_LOG_9001,SEC_01,2024-01-12,Falha Mecânica,110,3309.06
EVT_1560,LOC_LOG_9019,SEC_02,2024-05-03,Cruzamento/Sinal Vermelho,87,3170.58
EVT_1561,LOC_LOG_9006,SEC_06,2024-01-03,Cruzamento/Sinal Vermelho,239,6796.08
EVT_1562,LOC_LOG_9008,SEC_03,2024-01-01,Aguardando Pátio,42,2193.92
EVT_1563,LOC_LOG_9006,SEC_04,2024-06-08,Cruzamento/Sinal Vermelho,21,1280.83
EVT_1564,LOC_LOG_9009,SEC_01,2024-05-07,Falha Mecânica,28,1488.48
EVT_1565,LOC_LOG_9019,SEC_01,2024-04-24,Manutenção Via,66,2841.44
EVT_1566,LOC_LOG_9019,SEC_05,2024-03-02,Falha Mecânica,238,6406.84
EVT_1567,LOC_LOG_9011,SEC_03,2024-04-09,Cruzamento/Sinal Vermelho,204,6075.04
EVT_1568,LOC_LOG_9011,SEC_06,2024-06-14,Cruzamento/Sinal Vermelho,155,4481.42
EVT_1569,LOC_LOG_9011,SEC_04,2024-01-09,Cruzamento/Sinal Vermelho,28,1029.93
EVT_1570,LOC_LOG_9015,SEC_05,2024-03-15,Cruzamento/Sinal Vermelho,157,4236.74
EVT_1571,LOC_LOG_9012,SEC_05,2024-01-04,Cruzamento/Sinal Vermelho,119,4123.61
EVT_1572,LOC_LOG_9017,SEC_01,2024-06-14,Falha Mecânica,28,1492.06
EVT_1573,LOC_LOG_9014,SEC_04,2024-05-10,Aguardando Pátio,77,2264.68
EVT_1574,LOC_LOG_9007,SEC_04,2024-05-06,Manutenção Via,138,3990.35
EVT_1575,LOC_LOG_9004,SEC_06,2024-05-03,Cruzamento/Sinal Vermelho,237,7085.77
EVT_1576,LOC_LOG_9006,SEC_05,2024-04-30,Aguardando Pátio,227,6235.08
EVT_1577,LOC_LOG_9011,SEC_02,2024-04-15,Aguardando Pátio,15,677.5
EVT_1578,LOC_LOG_9014,SEC_04,2024-03-30,Cruzamento/Sinal Vermelho,204,6163.26
EVT_1579,LOC_LOG_9010,SEC_03,2024-01-29,Falha Mecânica,12,796.17
EVT_1580,LOC_LOG_9011,SEC_01,2024-04-25,Cruzamento/Sinal Vermelho,28,1443.91
EVT_1581,LOC_LOG_9012,SEC_03,2024-06-28,Cruzamento/Sinal Vermelho,75,2292.01
EVT_1582,LOC_LOG_9005,SEC_03,2024-03-12,Cruzamento/Sinal Vermelho,37,1638.44
EVT_1583,LOC_LOG_9005,SEC_05,2024-02-16,Aguardando Pátio,25,1489.96
EVT_1584,LOC_LOG_9018,SEC_06,2024-04-30,Manutenção Via,209,5659.51
EVT_1585,LOC_LOG_9007,SEC_03,2024-05-23,Cruzamento/Sinal Vermelho,94,3420.41
EVT_1586,LOC_LOG_9000,SEC_06,2024-01-13,Cruzamento/Sinal Vermelho,211,5603.75
EVT_1587,LOC_LOG_9013,SEC_06,2024-01-08,Cruzamento/Sinal Vermelho,21,1145.55
EVT_1588,LOC_LOG_9017,SEC_05,2024-01-02,Cruzamento/Sinal Vermelho,115,3634.39
EVT_1589,LOC_LOG_9000,SEC_02,2024-02-14,Cruzamento/Sinal Vermelho,236,7012.57
EVT_1590,LOC_LOG_9012,SEC_04,2024-01-17,Cruzamento/Sinal Vermelho,123,3572.95
EVT_1591,LOC_LOG_9019,SEC_01,2024-01-25,Cruzamento/Sinal Vermelho,82,3156.75
EVT_1592,LOC_LOG_9014,SEC_03,2024-03-01,Aguardando Pátio,203,6163.81
EVT_1593,LOC_LOG_9017,SEC_05,2024-04-12,Manutenção Via,125,3715.95
EVT_1594,LOC_LOG_9005,SEC_01,2024-04-12,Aguardando Pátio,53,2159.08
EVT_1595,LOC_LOG_9013,SEC_03,2024-04-18,Cruzamento/Sinal Vermelho,52,1955.72
EVT_1596,LOC_LOG_9007,SEC_04,2024-02-12,Cruzamento/Sinal Vermelho,181,5548.7
EVT_1597,LOC_LOG_9000,SEC_06,2024-02-02,Cruzamento/Sinal Vermelho,46,1861.82
EVT_1598,LOC_LOG_9016,SEC_02,2024-03-05,Cruzamento/Sinal Vermelho,29,1255.25
EVT_1599,LOC_LOG_9014,SEC_01,2024-06-28,Cruzamento/Sinal Vermelho,187,5511.25
EVT_1600,LOC_LOG_9014,SEC_01,2024-01-01,Aguardando Pátio,33,1846.04
EVT_1601,LOC_LOG_9005,SEC_02,2024-06-02,Falha Mecânica,192,5776.74
EVT_1602,LOC_LOG_9005,SEC_02,2024-01-02,Cruzamento/Sinal Vermelho,120,3930.38
EVT_1603,LOC_LOG_9003,SEC_06,2024-01-31,Cruzamento/Sinal Vermelho,213,6172.19
EVT_1604,LOC_LOG_9005,SEC_01,2024-04-30,Falha Mecânica,100,3616.21
EVT_1605,LOC_LOG_9003,SEC_05,2024-04-05,Cruzamento/Sinal Vermelho,156,5018.87
EVT_1606,LOC_LOG_9000,SEC_06,2024-05-11,Manutenção Via,103,3383.99
EVT_1607,LOC_LOG_9003,SEC_01,2024-03-19,Falha Mecânica,138,4142.88
EVT_1608,LOC_LOG_9011,SEC_03,2024-04-07,Falha Mecânica,150,4545.54
EVT_1609,LOC_LOG_9018,SEC_03,2024-05-12,Cruzamento/Sinal Vermelho,155,4849.66
EVT_1610,LOC_LOG_9015,SEC_02,2024-05-05,Cruzamento/Sinal Vermelho,190,5671.66
EVT_1611,LOC_LOG_9017,SEC_05,2024-03-10,Cruzamento/Sinal Vermelho,21,1462.95
EVT_1612,LOC_LOG_9010,SEC_02,2024-05-16,Aguardando Pátio,132,4081.48
EVT_1613,LOC_LOG_9019,SEC_02,2024-05-27,Falha Mecânica,27,1467.74
EVT_1614,LOC_LOG_9019,SEC_02,2024-03-09,Manutenção Via,140,4617.75
EVT_1615,LOC_LOG_9005,SEC_05,2024-03-28,Aguardando Pátio,80,2598.53
EVT_1616,LOC_LOG_9009,SEC_01,2024-06-09,Aguardando Pátio,178,4836.38
EVT_1617,LOC_LOG_9004,SEC_02,2024-04-03,Manutenção Via,194,5828.59
EVT_1618,LOC_LOG_9000,SEC_01,2024-01-30,Aguardando Pátio,55,2171.08
EVT_1619,LOC_LOG_9009,SEC_05,2024-04-21,Manutenção Via,42,1912.74
EVT_1620,LOC_LOG_9007,SEC_02,2024-06-01,Manutenção Via,179,5625.96
EVT_1621,LOC_LOG_9008,SEC_01,2024-01-11,Cruzamento/Sinal Vermelho,81,2575.87
EVT_1622,LOC_LOG_9008,SEC_06,2024-06-28,Aguardando Pátio,64,2558.03
EVT_1623,LOC_LOG_9016,SEC_06,2024-06-17,Cruzamento/Sinal Vermelho,38,1309.44
EVT_1624,LOC_LOG_9011,SEC_05,2024-06-26,Cruzamento/Sinal Vermelho,164,5039.49
EVT_1625,LOC_LOG_9000,SEC_06,2024-05-07,Aguardando Pátio,42,2012.15
EVT_1626,LOC_LOG_9000,SEC_02,2024-05-13,Manutenção Via,19,1345.64
EVT_1627,LOC_LOG_9001,SEC_03,2024-06-27,Falha Mecânica,192,5726.29
EVT_1628,LOC_LOG_9004,SEC_02,2024-02-09,Cruzamento/Sinal Vermelho,193,5520.02
EVT_1629,LOC_LOG_9004,SEC_06,2024-03-06,Manutenção Via,234,6242.91
EVT_1630,LOC_LOG_9006,SEC_01,2024-03-08,Cruzamento/Sinal Vermelho,240,6999.16
EVT_1631,LOC_LOG_9016,SEC_01,2024-01-24,Falha Mecânica,116,3501.92
EVT_1632,LOC_LOG_9013,SEC_03,2024-01-09,Cruzamento/Sinal Vermelho,111,3252.34
EVT_1633,LOC_LOG_9001,SEC_03,2024-05-04,Manutenção Via,193,5838.74
EVT_1634,LOC_LOG_9014,SEC_04,2024-02-12,Aguardando Pátio,127,3795.27
EVT_1635,LOC_LOG_9018,SEC_01,2024-06-13,Cruzamento/Sinal Vermelho,166,4933.54
EVT_1636,LOC_LOG_9002,SEC_06,2024-01-25,Falha Mecânica,15,1261.59
EVT_1637,LOC_LOG_9019,SEC_01,2024-06-29,Aguardando Pátio,116,3814.37
EVT_1638,LOC_LOG_9002,SEC_04,2024-05-27,Cruzamento/Sinal Vermelho,86,2790.31
EVT_1639,LOC_LOG_9001,SEC_02,2024-04-20,Cruzamento/Sinal Vermelho,159,4949.17
EVT_1640,LOC_LOG_9006,SEC_01,2024-04-06,Cruzamento/Sinal Vermelho,211,5601.25
EVT_1641,LOC_LOG_9017,SEC_03,2024-02-15,Cruzamento/Sinal Vermelho,27,1533.08
EVT_1642,LOC_LOG_9005,SEC_02,2024-03-12,Aguardando Pátio,155,4248.04
EVT_1643,LOC_LOG_9006,SEC_01,2024-06-07,Falha Mecânica,117,3663.16
EVT_1644,LOC_LOG_9001,SEC_03,2024-04-01,Cruzamento/Sinal Vermelho,113,3626.46
EVT_1645,LOC_LOG_9013,SEC_04,2024-03-08,Cruzamento/Sinal Vermelho,127,4333.64
EVT_1646,LOC_LOG_9001,SEC_04,2024-06-08,Manutenção Via,69,2655.38
EVT_1647,LOC_LOG_9004,SEC_01,2024-06-18,Cruzamento/Sinal Vermelho,156,4660.93
EVT_1648,LOC_LOG_9011,SEC_03,2024-03-12,Cruzamento/Sinal Vermelho,25,1197.88
EVT_1649,LOC_LOG_9008,SEC_03,2024-02-22,Cruzamento/Sinal Vermelho,177,4757.56
EVT_1650,LOC_LOG_9013,SEC_04,2024-06-24,Manutenção Via,60,2416.37
EVT_1651,LOC_LOG_9006,SEC_06,2024-04-20,Manutenção Via,67,2485.8
EVT_1652,LOC_LOG_9000,SEC_03,2024-03-03,Aguardando Pátio,175,5219.07
EVT_1653,LOC_LOG_9014,SEC_02,2024-01-31,Cruzamento/Sinal Vermelho,43,2136.86
EVT_1654,LOC_LOG_9004,SEC_04,2024-03-11,Aguardando Pátio,235,6925.62
EVT_1655,LOC_LOG_9009,SEC_02,2024-01-17,Manutenção Via,75,2369.8
EVT_1656,LOC_LOG_9004,SEC_06,2024-03-15,Aguardando Pátio,97,3571.75
EVT_1657,LOC_LOG_9010,SEC_03,2024-04-10,Cruzamento/Sinal Vermelho,182,4986.18
EVT_1658,LOC_LOG_9016,SEC_05,2024-05-03,Aguardando Pátio,172,5397.66
EVT_1659,LOC_LOG_9017,SEC_06,2024-01-08,Aguardando Pátio,136,4554.23
EVT_1660,LOC_LOG_9019,SEC_01,2024-04-18,Cruzamento/Sinal Vermelho,199,5835.5
EVT_1661,LOC_LOG_9004,SEC_06,2024-03-15,Cruzamento/Sinal Vermelho,71,2726.92
EVT_1662,LOC_LOG_9002,SEC_06,2024-06-14,Falha Mecânica,163,4888.8
EVT_1663,LOC_LOG_9008,SEC_02,2024-03-10,Aguardando Pátio,61,2328.74
EVT_1664,LOC_LOG_9007,SEC_02,2024-05-26,Falha Mecânica,194,6019.12
EVT_1665,LOC_LOG_9009,SEC_04,2024-06-29,Aguardando Pátio,57,2525.07
EVT_1666,LOC_LOG_9001,SEC_03,2024-05-01,Manutenção Via,146,4162.27
EVT_1667,LOC_LOG_9008,SEC_02,2024-02-14,Cruzamento/Sinal Vermelho,218,5781.26
EVT_1668,LOC_LOG_9007,SEC_01,2024-05-05,Cruzamento/Sinal Vermelho,30,1685.77
EVT_1669,LOC_LOG_9016,SEC_04,2024-03-07,Falha Mecânica,113,3150.19
EVT_1670,LOC_LOG_9008,SEC_03,2024-06-27,Cruzamento/Sinal Vermelho,231,6495.21
EVT_1671,LOC_LOG_9012,SEC_06,2024-05-12,Cruzamento/Sinal Vermelho,154,4757.63
EVT_1672,LOC_LOG_9010,SEC_04,2024-03-31,Aguardando Pátio,112,3628.14
EVT_1673,LOC_LOG_9008,SEC_06,2024-06-11,Aguardando Pátio,207,6323.47
EVT_1674,LOC_LOG_9010,SEC_02,2024-06-15,Cruzamento/Sinal Vermelho,102,3720.35
EVT_1675,LOC_LOG_9011,SEC_05,2024-03-20,Cruzamento/Sinal Vermelho,130,4442.02
EVT_1676,LOC_LOG_9012,SEC_04,2024-02-19,Cruzamento/Sinal Vermelho,196,5735.18
EVT_1677,LOC_LOG_9012,SEC_01,2024-04-01,Cruzamento/Sinal Vermelho,120,3487.76
EVT_1678,LOC_LOG_9004,SEC_01,2024-02-21,Aguardando Pátio,55,1983.93
EVT_1679,LOC_LOG_9000,SEC_05,2024-03-08,Cruzamento/Sinal Vermelho,188,5817.43
EVT_1680,LOC_LOG_9010,SEC_05,2024-04-14,Aguardando Pátio,88,2957.24
EVT_1681,LOC_LOG_9010,SEC_02,2024-05-28,Aguardando Pátio,204,5759.19
EVT_1682,LOC_LOG_9010,SEC_03,2024-01-26,Manutenção Via,157,4568.16
EVT_1683,LOC_LOG_9014,SEC_02,2024-02-24,Cruzamento/Sinal Vermelho,38,2018.1
EVT_1684,LOC_LOG_9000,SEC_04,2024-02-13,Manutenção Via,232,6982.75
EVT_1685,LOC_LOG_9007,SEC_03,2024-01-25,Cruzamento/Sinal Vermelho,208,6145.66
EVT_1686,LOC_LOG_9003,SEC_03,2024-06-28,Cruzamento/Sinal Vermelho,56,2046.33
EVT_1687,LOC_LOG_9009,SEC_01,2024-06-18,Aguardando Pátio,180,5658.29
EVT_1688,LOC_LOG_9017,SEC_05,2024-04-28,Cruzamento/Sinal Vermelho,60,2023.03
EVT_1689,LOC_LOG_9005,SEC_04,2024-06-12,Aguardando Pátio,219,5879.71
EVT_1690,LOC_LOG_9010,SEC_03,2024-05-21,Cruzamento/Sinal Vermelho,64,2546.55
EVT_1691,LOC_LOG_9014,SEC_05,2024-01-11,Cruzamento/Sinal Vermelho,115,3373.01
EVT_1692,LOC_LOG_9014,SEC_02,2024-05-20,Falha Mecânica,36,2064.95
EVT_1693,LOC_LOG_9000,SEC_01,2024-05-03,Manutenção Via,146,4531.05
EVT_1694,LOC_LOG_9003,SEC_04,2024-05-13,Manutenção Via,145,4664.76
EVT_1695,LOC_LOG_9005,SEC_02,2024-06-16,Manutenção Via,40,1371.46
EVT_1696,LOC_LOG_9017,SEC_04,2024-05-12,Cruzamento/Sinal Vermelho,33,1949.54
EVT_1697,LOC_LOG_9008,SEC_03,2024-04-11,Aguardando Pátio,50,1738.2
EVT_1698,LOC_LOG_9008,SEC_06,2024-05-28,Cruzamento/Sinal Vermelho,239,6433.6
EVT_1699,LOC_LOG_9016,SEC_04,2024-06-10,Manutenção Via,76,2440.35
EVT_1700,LOC_LOG_9015,SEC_01,2024-05-03,Manutenção Via,38,1697.5
EVT_1701,LOC_LOG_9005,SEC_06,2024-04-27,Falha Mecânica,218,6359.03
EVT_1702,LOC_LOG_9016,SEC_04,2024-05-05,Manutenção Via,213,5932.29
EVT_1703,LOC_LOG_9004,SEC_02,2024-05-15,Cruzamento/Sinal Vermelho,123,3791.52
EVT_1704,LOC_LOG_9018,SEC_04,2024-01-25,Manutenção Via,112,3713.77
EVT_1705,LOC_LOG_9006,SEC_02,2024-03-15,Cruzamento/Sinal Vermelho,129,3528.06
EVT_1706,LOC_LOG_9001,SEC_06,2024-02-20,Cruzamento/Sinal Vermelho,221,5866.98
EVT_1707,LOC_LOG_9011,SEC_02,2024-05-18,Cruzamento/Sinal Vermelho,218,6145.4
EVT_1708,LOC_LOG_9002,SEC_01,2024-04-07,Manutenção Via,104,3192.94
EVT_1709,LOC_LOG_9001,SEC_01,2024-04-04,Cruzamento/Sinal Vermelho,16,1528.7
EVT_1710,LOC_LOG_9005,SEC_06,2024-03-29,Cruzamento/Sinal Vermelho,42,1409.14
EVT_1711,LOC_LOG_9010,SEC_04,2024-02-03,Falha Mecânica,179,5537.01
EVT_1712,LOC_LOG_9003,SEC_04,2024-02-05,Aguardando Pátio,16,1243.79
EVT_1713,LOC_LOG_9018,SEC_06,2024-02-11,Cruzamento/Sinal Vermelho,212,5711.08
EVT_1714,LOC_LOG_9006,SEC_04,2024-06-16,Cruzamento/Sinal Vermelho,145,4650.51
EVT_1715,LOC_LOG_9002,SEC_04,2024-05-06,Manutenção Via,52,2417.59
EVT_1716,LOC_LOG_9003,SEC_02,2024-02-06,Aguardando Pátio,106,3510.19
EVT_1717,LOC_LOG_9004,SEC_05,2024-03-04,Cruzamento/Sinal Vermelho,208,5851.69
EVT_1718,LOC_LOG_9000,SEC_05,2024-06-14,Aguardando Pátio,175,4842.84
EVT_1719,LOC_LOG_9015,SEC_02,2024-05-12,Manutenção Via,98,2865.04
EVT_1720,LOC_LOG_9019,SEC_03,2024-03-08,Manutenção Via,221,6628.93
EVT_1721,LOC_LOG_9006,SEC_02,2024-04-30,Falha Mecânica,47,1627.08
EVT_1722,LOC_LOG_9014,SEC_02,2024-04-26,Aguardando Pátio,189,5579.35
EVT_1723,LOC_LOG_9016,SEC_05,2024-06-11,Aguardando Pátio,165,4581.88
EVT_1724,LOC_LOG_9011,SEC_04,2024-02-22,Cruzamento/Sinal Vermelho,186,5574.14
EVT_1725,LOC_LOG_9007,SEC_03,2024-06-11,Manutenção Via,67,2091.28
EVT_1726,LOC_LOG_9013,SEC_01,2024-03-18,Manutenção Via,139,4090.01
EVT_1727,LOC_LOG_9015,SEC_04,2024-01-07,Cruzamento/Sinal Vermelho,33,1941.66
EVT_1728,LOC_LOG_9014,SEC_01,2024-04-10,Manutenção Via,140,3968.69
EVT_1729,LOC_LOG_9015,SEC_01,2024-04-20,Cruzamento/Sinal Vermelho,205,5880.1
EVT_1730,LOC_LOG_9006,SEC_04,2024-01-29,Cruzamento/Sinal Vermelho,19,863.8
EVT_1731,LOC_LOG_9003,SEC_02,2024-03-30,Cruzamento/Sinal Vermelho,111,3164.8
EVT_1732,LOC_LOG_9017,SEC_02,2024-04-27,Aguardando Pátio,238,7116.47
EVT_1733,LOC_LOG_9017,SEC_06,2024-05-03,Falha Mecânica,56,2335.48
EVT_1734,LOC_LOG_9015,SEC_06,2024-06-24,Cruzamento/Sinal Vermelho,213,6382.63
EVT_1735,LOC_LOG_9008,SEC_05,2024-03-20,Manutenção Via,230,6282.44
EVT_1736,LOC_LOG_9015,SEC_02,2024-03-14,Cruzamento/Sinal Vermelho,93,3023.35
EVT_1737,LOC_LOG_9004,SEC_02,2024-02-17,Falha Mecânica,63,2756.71
EVT_1738,LOC_LOG_9006,SEC_06,2024-06-24,Manutenção Via,49,1652.47
EVT_1739,LOC_LOG_9016,SEC_01,2024-01-30,Aguardando Pátio,172,4695.52
EVT_1740,LOC_LOG_9009,SEC_03,2024-04-20,Aguardando Pátio,49,1836.5
EVT_1741,LOC_LOG_9018,SEC_02,2024-06-29,Cruzamento/Sinal Vermelho,193,5859.12
EVT_1742,LOC_LOG_9005,SEC_02,2024-06-29,Manutenção Via,197,6087.52
EVT_1743,LOC_LOG_9001,SEC_04,2024-03-14,Falha Mecânica,56,2438.95
EVT_1744,LOC_LOG_9010,SEC_02,2024-04-22,Cruzamento/Sinal Vermelho,105,3515.48
EVT_1745,LOC_LOG_9012,SEC_02,2024-06-12,Manutenção Via,223,6682.38
EVT_1746,LOC_LOG_9015,SEC_02,2024-05-23,Falha Mecânica,27,1744.58
EVT_1747,LOC_LOG_9017,SEC_01,2024-01-21,Cruzamento/Sinal Vermelho,79,2632.14
EVT_1748,LOC_LOG_9015,SEC_03,2024-05-24,Aguardando Pátio,36,1944.91
EVT_1749,LOC_LOG_9015,SEC_06,2024-01-02,Falha Mecânica,90,2756.2
EVT_1750,LOC_LOG_9009,SEC_01,2024-04-11,Aguardando Pátio,177,5230.52
EVT_1751,LOC_LOG_9000,SEC_06,2024-01-28,Cruzamento/Sinal Vermelho,28,1197.78
EVT_1752,LOC_LOG_9005,SEC_04,2024-03-11,Cruzamento/Sinal Vermelho,179,4826.6
EVT_1753,LOC_LOG_9009,SEC_06,2024-05-22,Cruzamento/Sinal Vermelho,112,3306.31
EVT_1754,LOC_LOG_9015,SEC_06,2024-05-30,Aguardando Pátio,103,3222.5
EVT_1755,LOC_LOG_9008,SEC_04,2024-02-27,Aguardando Pátio,21,1150.38
EVT_1756,LOC_LOG_9018,SEC_01,2024-02-15,Manutenção Via,214,5806.85
EVT_1757,LOC_LOG_9002,SEC_03,2024-04-23,Cruzamento/Sinal Vermelho,32,1485.31
EVT_1758,LOC_LOG_9008,SEC_01,2024-05-11,Cruzamento/Sinal Vermelho,29,1534.6
EVT_1759,LOC_LOG_9010,SEC_03,2024-06-16,Aguardando Pátio,119,3519.46
EVT_1760,LOC_LOG_9002,SEC_05,2024-04-13,Aguardando Pátio,194,5488.38
EVT_1761,LOC_LOG_9006,SEC_05,2024-06-28,Falha Mecânica,92,3005.77
EVT_1762,LOC_LOG_9011,SEC_02,2024-03-31,Aguardando Pátio,25,1354.44
EVT_1763,LOC_LOG_9004,SEC_01,2024-01-01,Aguardando Pátio,74,2301.85
EVT_1764,LOC_LOG_9005,SEC_06,2024-06-26,Aguardando Pátio,13,689.01
EVT_1765,LOC_LOG_9015,SEC_01,2024-06-06,Manutenção Via,44,2056.07
EVT_1766,LOC_LOG_9004,SEC_03,2024-01-17,Cruzamento/Sinal Vermelho,28,1846.72
EVT_1767,LOC_LOG_9007,SEC_06,2024-04-14,Falha Mecânica,120,4115.34
EVT_1768,LOC_LOG_9012,SEC_04,2024-04-22,Manutenção Via,146,4459.88
EVT_1769,LOC_LOG_9012,SEC_01,2024-03-23,Cruzamento/Sinal Vermelho,154,5009.4
EVT_1770,LOC_LOG_9006,SEC_01,2024-03-27,Cruzamento/Sinal Vermelho,52,1983.73
EVT_1771,LOC_LOG_9015,SEC_02,2024-06-11,Cruzamento/Sinal Vermelho,30,1768.1
EVT_1772,LOC_LOG_9005,SEC_02,2024-06-28,Manutenção Via,122,3936.83
EVT_1773,LOC_LOG_9000,SEC_04,2024-05-02,Cruzamento/Sinal Vermelho,96,3325.91
EVT_1774,LOC_LOG_9016,SEC_05,2024-06-24,Cruzamento/Sinal Vermelho,169,4952.64
EVT_1775,LOC_LOG_9013,SEC_03,2024-04-09,Manutenção Via,70,2806.59
EVT_1776,LOC_LOG_9006,SEC_06,2024-06-19,Cruzamento/Sinal Vermelho,185,5439.5
EVT_1777,LOC_LOG_9009,SEC_02,2024-06-15,Aguardando Pátio,39,1817.36
EVT_1778,LOC_LOG_9012,SEC_03,2024-04-24,Cruzamento/Sinal Vermelho,89,2694.54
EVT_1779,LOC_LOG_9016,SEC_06,2024-06-22,Manutenção Via,195,5882.07
EVT_1780,LOC_LOG_9010,SEC_02,2024-04-25,Cruzamento/Sinal Vermelho,69,2137.22
EVT_1781,LOC_LOG_9005,SEC_01,2024-01-09,Cruzamento/Sinal Vermelho,160,4362.33
EVT_1782,LOC_LOG_9000,SEC_03,2024-06-02,Cruzamento/Sinal Vermelho,134,4376.8
EVT_1783,LOC_LOG_9009,SEC_05,2024-02-19,Aguardando Pátio,173,5035.49
EVT_1784,LOC_LOG_9009,SEC_04,2024-06-16,Aguardando Pátio,11,1214.87
EVT_1785,LOC_LOG_9004,SEC_04,2024-01-01,Cruzamento/Sinal Vermelho,153,4542.84
EVT_1786,LOC_LOG_9009,SEC_05,2024-02-25,Manutenção Via,180,5486.26
EVT_1787,LOC_LOG_9012,SEC_03,2024-03-31,Cruzamento/Sinal Vermelho,156,4603.04
EVT_1788,LOC_LOG_9009,SEC_01,2024-03-22,Falha Mecânica,117,3959.59
EVT_1789,LOC_LOG_9011,SEC_04,2024-03-11,Falha Mecânica,186,5841.55
EVT_1790,LOC_LOG_9010,SEC_01,2024-02-16,Manutenção Via,15,1041.04
EVT_1791,LOC_LOG_9010,SEC_06,2024-03-05,Manutenção Via,66,2373.23
EVT_1792,LOC_LOG_9018,SEC_06,2024-01-07,Aguardando Pátio,108,3877.55
EVT_1793,LOC_LOG_9013,SEC_05,2024-04-12,Aguardando Pátio,57,2591.6
EVT_1794,LOC_LOG_9002,SEC_01,2024-03-21,Manutenção Via,235,6746.49
EVT_1795,LOC_LOG_9011,SEC_02,2024-04-28,Falha Mecânica,155,4801.35
EVT_1796,LOC_LOG_9010,SEC_02,2024-02-10,Manutenção Via,22,1475.25
EVT_1797,LOC_LOG_9014,SEC_06,2024-04-18,Manutenção Via,12,761.32
EVT_1798,LOC_LOG_9003,SEC_02,2024-03-04,Aguardando Pátio,145,4069.99
EVT_1799,LOC_LOG_9006,SEC_04,2024-03-16,Manutenção Via,86,2661.29
EVT_1800,LOC_LOG_9010,SEC_05,2024-01-15,Aguardando Pátio,84,3224.55
EVT_1801,LOC_LOG_9017,SEC_05,2024-04-23,Cruzamento/Sinal Vermelho,205,5726.86
EVT_1802,LOC_LOG_9011,SEC_03,2024-03-12,Cruzamento/Sinal Vermelho,115,3766.71
EVT_1803,LOC_LOG_9009,SEC_03,2024-02-15,Cruzamento/Sinal Vermelho,202,5585.55
EVT_1804,LOC_LOG_9009,SEC_06,2024-06-13,Manutenção Via,66,2226.65
EVT_1805,LOC_LOG_9002,SEC_03,2024-02-16,Cruzamento/Sinal Vermelho,166,4559.18
EVT_1806,LOC_LOG_9019,SEC_05,2024-04-13,Falha Mecânica,72,2777.68
EVT_1807,LOC_LOG_9008,SEC_03,2024-02-14,Manutenção Via,158,4655.8
EVT_1808,LOC_LOG_9018,SEC_03,2024-02-11,Aguardando Pátio,234,6518.93
EVT_1809,LOC_LOG_9016,SEC_06,2024-01-04,Cruzamento/Sinal Vermelho,224,6491.64
EVT_1810,LOC_LOG_9005,SEC_02,2024-04-12,Aguardando Pátio,67,2017.97
EVT_1811,LOC_LOG_9016,SEC_04,2024-02-29,Manutenção Via,42,1894.89
EVT_1812,LOC_LOG_9006,SEC_05,2024-03-27,Manutenção Via,181,5560.82
EVT_1813,LOC_LOG_9016,SEC_05,2024-04-26,Cruzamento/Sinal Vermelho,229,6865.38
EVT_1814,LOC_LOG_9007,SEC_02,2024-01-19,Manutenção Via,36,2070.6
EVT_1815,LOC_LOG_9018,SEC_04,2024-06-11,Manutenção Via,43,1430.08
EVT_1816,LOC_LOG_9003,SEC_04,2024-02-01,Manutenção Via,204,5439.02
EVT_1817,LOC_LOG_9009,SEC_05,2024-02-29,Falha Mecânica,99,2948.44
EVT_1818,LOC_LOG_9013,SEC_03,2024-04-24,Aguardando Pátio,96,3125.36
EVT_1819,LOC_LOG_9004,SEC_02,2024-04-16,Falha Mecânica,19,994.99
EVT_1820,LOC_LOG_9009,SEC_03,2024-01-08,Manutenção Via,155,4564.55
EVT_1821,LOC_LOG_9012,SEC_01,2024-02-25,Falha Mecânica,47,2126.18
EVT_1822,LOC_LOG_9018,SEC_01,2024-02-10,Aguardando Pátio,220,5824.65
EVT_1823,LOC_LOG_9011,SEC_01,2024-06-12,Cruzamento/Sinal Vermelho,44,2100.91
EVT_1824,LOC_LOG_9014,SEC_03,2024-02-07,Cruzamento/Sinal Vermelho,229,6379.13
EVT_1825,LOC_LOG_9016,SEC_06,2024-03-05,Cruzamento/Sinal Vermelho,162,4702.45
EVT_1826,LOC_LOG_9018,SEC_03,2024-03-01,Cruzamento/Sinal Vermelho,170,5159.79
EVT_1827,LOC_LOG_9000,SEC_05,2024-03-26,Cruzamento/Sinal Vermelho,120,4173.77
EVT_1828,LOC_LOG_9018,SEC_05,2024-01-15,Cruzamento/Sinal Vermelho,65,2774.94
EVT_1829,LOC_LOG_9011,SEC_05,2024-02-17,Aguardando Pátio,86,2620.24
EVT_1830,LOC_LOG_9010,SEC_04,2024-05-06,Cruzamento/Sinal Vermelho,109,3224.16
EVT_1831,LOC_LOG_9007,SEC_05,2024-01-14,Cruzamento/Sinal Vermelho,150,4383.89
EVT_1832,LOC_LOG_9006,SEC_03,2024-06-10,Aguardando Pátio,237,6390.21
EVT_1833,LOC_LOG_9013,SEC_02,2024-05-30,Aguardando Pátio,181,5491.78
EVT_1834,LOC_LOG_9007,SEC_02,2024-01-07,Falha Mecânica,89,2936.77
EVT_1835,LOC_LOG_9008,SEC_04,2024-02-03,Manutenção Via,63,2465.42
EVT_1836,LOC_LOG_9009,SEC_02,2024-01-04,Cruzamento/Sinal Vermelho,179,5180.69
EVT_1837,LOC_LOG_9013,SEC_05,2024-04-15,Cruzamento/Sinal Vermelho,199,5898.83
EVT_1838,LOC_LOG_9012,SEC_05,2024-05-25,Cruzamento/Sinal Vermelho,222,5875.22
EVT_1839,LOC_LOG_9010,SEC_06,2024-04-10,Cruzamento/Sinal Vermelho,191,5882.47
EVT_1840,LOC_LOG_9008,SEC_04,2024-04-13,Cruzamento/Sinal Vermelho,202,5874.31
EVT_1841,LOC_LOG_9004,SEC_06,2024-01-10,Falha Mecânica,32,1681.97
EVT_1842,LOC_LOG_9015,SEC_04,2024-06-25,Cruzamento/Sinal Vermelho,237,6482.44
EVT_1843,LOC_LOG_9008,SEC_02,2024-03-25,Cruzamento/Sinal Vermelho,19,1046.89
EVT_1844,LOC_LOG_9010,SEC_01,2024-06-02,Cruzamento/Sinal Vermelho,49,1730.54
EVT_1845,LOC_LOG_9011,SEC_01,2024-05-24,Aguardando Pátio,51,1720.79
EVT_1846,LOC_LOG_9019,SEC_03,2024-04-11,Cruzamento/Sinal Vermelho,118,3601.76
EVT_1847,LOC_LOG_9014,SEC_03,2024-02-02,Cruzamento/Sinal Vermelho,196,5984.93
EVT_1848,LOC_LOG_9005,SEC_02,2024-06-16,Cruzamento/Sinal Vermelho,61,1945.13
EVT_1849,LOC_LOG_9019,SEC_02,2024-01-28,Cruzamento/Sinal Vermelho,12,722.66
EVT_1850,LOC_LOG_9010,SEC_04,2024-01-25,Cruzamento/Sinal Vermelho,156,5092.36
EVT_1851,LOC_LOG_9006,SEC_01,2024-02-09,Manutenção Via,68,2019.77
EVT_1852,LOC_LOG_9008,SEC_04,2024-02-05,Cruzamento/Sinal Vermelho,129,3921.88
EVT_1853,LOC_LOG_9003,SEC_06,2024-05-13,Aguardando Pátio,240,6685.0
EVT_1854,LOC_LOG_9011,SEC_01,2024-03-24,Manutenção Via,122,4120.31
EVT_1855,LOC_LOG_9015,SEC_05,2024-01-26,Aguardando Pátio,166,4762.64
EVT_1856,LOC_LOG_9010,SEC_02,2024-05-28,Cruzamento/Sinal Vermelho,240,6973.55
EVT_1857,LOC_LOG_9008,SEC_06,2024-02-01,Cruzamento/Sinal Vermelho,104,3089.55
EVT_1858,LOC_LOG_9005,SEC_02,2024-01-15,Cruzamento/Sinal Vermelho,198,5773.55
EVT_1859,LOC_LOG_9008,SEC_04,2024-05-20,Manutenção Via,53,1836.49
EVT_1860,LOC_LOG_9008,SEC_06,2024-02-09,Manutenção Via,212,5718.63
EVT_1861,LOC_LOG_9017,SEC_03,2024-01-24,Cruzamento/Sinal Vermelho,127,3536.29
EVT_1862,LOC_LOG_9018,SEC_06,2024-06-25,Aguardando Pátio,214,6549.46
EVT_1863,LOC_LOG_9000,SEC_01,2024-05-20,Aguardando Pátio,126,4095.93
EVT_1864,LOC_LOG_9005,SEC_06,2024-06-23,Aguardando Pátio,214,5769.16
EVT_1865,LOC_LOG_9011,SEC_01,2024-01-10,Cruzamento/Sinal Vermelho,122,4082.89
EVT_1866,LOC_LOG_9013,SEC_03,2024-05-11,Manutenção Via,179,5569.79
EVT_1867,LOC_LOG_9003,SEC_04,2024-03-25,Cruzamento/Sinal Vermelho,174,5222.46
EVT_1868,LOC_LOG_9010,SEC_03,2024-03-31,Manutenção Via,115,3270.28
EVT_1869,LOC_LOG_9019,SEC_02,2024-05-23,Cruzamento/Sinal Vermelho,77,2270.04
EVT_1870,LOC_LOG_9017,SEC_02,2024-03-06,Cruzamento/Sinal Vermelho,147,4760.16
EVT_1871,LOC_LOG_9004,SEC_06,2024-03-21,Aguardando Pátio,130,4116.03
EVT_1872,LOC_LOG_9016,SEC_01,2024-03-02,Manutenção Via,56,1840.0
EVT_1873,LOC_LOG_9001,SEC_05,2024-04-19,Cruzamento/Sinal Vermelho,210,6169.28
EVT_1874,LOC_LOG_9012,SEC_05,2024-03-11,Cruzamento/Sinal Vermelho,82,2991.35
EVT_1875,LOC_LOG_9016,SEC_06,2024-06-15,Manutenção Via,199,5407.69
EVT_1876,LOC_LOG_9015,SEC_02,2024-02-15,Falha Mecânica,170,4718.86
EVT_1877,LOC_LOG_9002,SEC_02,2024-04-14,Manutenção Via,35,1291.99
EVT_1878,LOC_LOG_9001,SEC_01,2024-01-16,Falha Mecânica,145,4337.1
EVT_1879,LOC_LOG_9001,SEC_02,2024-04-03,Cruzamento/Sinal Vermelho,188,5311.99
EVT_1880,LOC_LOG_9017,SEC_04,2024-05-05,Manutenção Via,216,6526.39
EVT_1881,LOC_LOG_9001,SEC_06,2024-04-21,Aguardando Pátio,238,7128.4
EVT_1882,LOC_LOG_9014,SEC_01,2024-01-14,Manutenção Via,230,6791.94
EVT_1883,LOC_LOG_9001,SEC_06,2024-02-23,Cruzamento/Sinal Vermelho,67,2513.44
EVT_1884,LOC_LOG_9003,SEC_05,2024-03-05,Manutenção Via,168,5055.53
EVT_1885,LOC_LOG_9011,SEC_02,2024-05-06,Manutenção Via,163,4661.51
EVT_1886,LOC_LOG_9003,SEC_04,2024-06-10,Aguardando Pátio,36,1355.4
EVT_1887,LOC_LOG_9015,SEC_04,2024-01-26,Aguardando Pátio,201,5554.07
EVT_1888,LOC_LOG_9017,SEC_04,2024-02-10,Aguardando Pátio,56,1847.19
EVT_1889,LOC_LOG_9009,SEC_02,2024-03-06,Manutenção Via,46,1551.69
EVT_1890,LOC_LOG_9012,SEC_06,2024-02-02,Cruzamento/Sinal Vermelho,92,3216.59
EVT_1891,LOC_LOG_9018,SEC_06,2024-02-17,Cruzamento/Sinal Vermelho,107,3740.0
EVT_1892,LOC_LOG_9006,SEC_06,2024-02-05,Aguardando Pátio,198,5251.36
EVT_1893,LOC_LOG_9006,SEC_02,2024-04-08,Falha Mecânica,84,2664.98
EVT_1894,LOC_LOG_9000,SEC_03,2024-03-21,Cruzamento/Sinal Vermelho,138,4506.56
EVT_1895,LOC_LOG_9016,SEC_05,2024-03-31,Manutenção Via,158,5080.2
EVT_1896,LOC_LOG_9008,SEC_04,2024-01-03,Cruzamento/Sinal Vermelho,15,1399.0
EVT_1897,LOC_LOG_9011,SEC_05,2024-01-02,Cruzamento/Sinal Vermelho,184,5239.77
EVT_1898,LOC_LOG_9011,SEC_01,2024-04-02,Manutenção Via,166,5139.48
EVT_1899,LOC_LOG_9006,SEC_06,2024-02-27,Manutenção Via,124,3847.15
EVT_1900,LOC_LOG_9005,SEC_04,2024-04-23,Cruzamento/Sinal Vermelho,119,3846.19
EVT_1901,LOC_LOG_9005,SEC_05,2024-02-08,Aguardando Pátio,199,5559.88
EVT_1902,LOC_LOG_9008,SEC_02,2024-02-12,Aguardando Pátio,125,4254.15
EVT_1903,LOC_LOG_9010,SEC_02,2024-03-27,Falha Mecânica,50,2370.84
EVT_1904,LOC_LOG_9004,SEC_01,2024-04-13,Cruzamento/Sinal Vermelho,117,3297.5
EVT_1905,LOC_LOG_9011,SEC_05,2024-03-13,Manutenção Via,31,1202.58
EVT_1906,LOC_LOG_9004,SEC_01,2024-04-20,Cruzamento/Sinal Vermelho,177,5057.0
EVT_1907,LOC_LOG_9005,SEC_02,2024-05-12,Cruzamento/Sinal Vermelho,161,4582.25
EVT_1908,LOC_LOG_9010,SEC_04,2024-01-13,Manutenção Via,65,1962.84
EVT_1909,LOC_LOG_9010,SEC_03,2024-04-17,Aguardando Pátio,203,5973.36
EVT_1910,LOC_LOG_9012,SEC_02,2024-04-15,Cruzamento/Sinal Vermelho,121,3544.93
EVT_1911,LOC_LOG_9004,SEC_06,2024-05-01,Falha Mecânica,114,3305.12
EVT_1912,LOC_LOG_9009,SEC_06,2024-04-23,Aguardando Pátio,205,6283.56
EVT_1913,LOC_LOG_9013,SEC_04,2024-01-08,Aguardando Pátio,29,1326.7
EVT_1914,LOC_LOG_9019,SEC_05,2024-02-17,Aguardando Pátio,16,1281.68
EVT_1915,LOC_LOG_9010,SEC_01,2024-04-10,Cruzamento/Sinal Vermelho,59,1959.29
EVT_1916,LOC_LOG_9007,SEC_06,2024-01-20,Aguardando Pátio,147,4659.25
EVT_1917,LOC_LOG_9001,SEC_03,2024-01-08,Cruzamento/Sinal Vermelho,156,4680.99
EVT_1918,LOC_LOG_9007,SEC_06,2024-06-03,Aguardando Pátio,229,6166.33
EVT_1919,LOC_LOG_9002,SEC_02,2024-05-29,Cruzamento/Sinal Vermelho,227,6111.66
EVT_1920,LOC_LOG_9005,SEC_01,2024-06-21,Cruzamento/Sinal Vermelho,105,3599.26
EVT_1921,LOC_LOG_9003,SEC_06,2024-04-03,Manutenção Via,105,3409.49
EVT_1922,LOC_LOG_9013,SEC_05,2024-06-07,Cruzamento/Sinal Vermelho,116,3682.21
EVT_1923,LOC_LOG_9012,SEC_03,2024-06-29,Cruzamento/Sinal Vermelho,238,6257.59
EVT_1924,LOC_LOG_9018,SEC_01,2024-05-19,Cruzamento/Sinal Vermelho,145,4219.04
EVT_1925,LOC_LOG_9017,SEC_01,2024-04-11,Aguardando Pátio,109,3303.37
EVT_1926,LOC_LOG_9004,SEC_06,2024-02-25,Manutenção Via,10,588.32
EVT_1927,LOC_LOG_9005,SEC_05,2024-03-11,Cruzamento/Sinal Vermelho,138,4574.01
EVT_1928,LOC_LOG_9014,SEC_06,2024-03-31,Cruzamento/Sinal Vermelho,144,4332.4
EVT_1929,LOC_LOG_9010,SEC_05,2024-05-31,Cruzamento/Sinal Vermelho,93,3323.34
EVT_1930,LOC_LOG_9012,SEC_06,2024-06-23,Manutenção Via,112,3353.59
EVT_1931,LOC_LOG_9012,SEC_06,2024-06-07,Aguardando Pátio,89,3222.56
EVT_1932,LOC_LOG_9019,SEC_04,2024-01-22,Cruzamento/Sinal Vermelho,195,5291.37
EVT_1933,LOC_LOG_9005,SEC_01,2024-02-23,Cruzamento/Sinal Vermelho,166,4576.82
EVT_1934,LOC_LOG_9013,SEC_02,2024-06-18,Cruzamento/Sinal Vermelho,55,1742.59
EVT_1935,LOC_LOG_9000,SEC_03,2024-02-03,Cruzamento/Sinal Vermelho,186,5007.57
EVT_1936,LOC_LOG_9005,SEC_05,2024-02-21,Cruzamento/Sinal Vermelho,74,2628.71
EVT_1937,LOC_LOG_9003,SEC_03,2024-05-24,Aguardando Pátio,197,5662.04
EVT_1938,LOC_LOG_9018,SEC_06,2024-04-03,Cruzamento/Sinal Vermelho,231,6175.72
EVT_1939,LOC_LOG_9019,SEC_04,2024-03-26,Manutenção Via,49,2267.84
EVT_1940,LOC_LOG_9018,SEC_05,2024-03-14,Manutenção Via,162,5229.09
EVT_1941,LOC_LOG_9018,SEC_06,2024-02-20,Cruzamento/Sinal Vermelho,144,3986.88
EVT_1942,LOC_LOG_9016,SEC_06,2024-01-30,Aguardando Pátio,60,1899.8
EVT_1943,LOC_LOG_9000,SEC_01,2024-04-10,Manutenção Via,66,2737.67
EVT_1944,LOC_LOG_9013,SEC_01,2024-03-17,Cruzamento/Sinal Vermelho,198,5869.37
EVT_1945,LOC_LOG_9000,SEC_01,2024-01-31,Aguardando Pátio,11,888.05
EVT_1946,LOC_LOG_9005,SEC_05,2024-02-05,Cruzamento/Sinal Vermelho,96,2874.05
EVT_1947,LOC_LOG_9006,SEC_01,2024-03-13,Aguardando Pátio,10,839.59
EVT_1948,LOC_LOG_9010,SEC_02,2024-01-09,Manutenção Via,79,2494.84
EVT_1949,LOC_LOG_9007,SEC_05,2024-04-06,Manutenção Via,191,5076.72
EVT_1950,LOC_LOG_9017,SEC_06,2024-03-05,Aguardando Pátio,51,2407.41
EVT_1951,LOC_LOG_9019,SEC_02,2024-06-02,Aguardando Pátio,178,5450.52
EVT_1952,LOC_LOG_9019,SEC_01,2024-05-19,Manutenção Via,25,1330.99
EVT_1953,LOC_LOG_9013,SEC_02,2024-04-07,Aguardando Pátio,220,6211.65
EVT_1954,LOC_LOG_9007,SEC_02,2024-03-20,Cruzamento/Sinal Vermelho,55,2434.45
EVT_1955,LOC_LOG_9006,SEC_05,2024-06-10,Manutenção Via,166,5253.66
EVT_1956,LOC_LOG_9006,SEC_02,2024-05-02,Cruzamento/Sinal Vermelho,218,6185.29
EVT_1957,LOC_LOG_9002,SEC_05,2024-06-12,Cruzamento/Sinal Vermelho,96,3271.5
EVT_1958,LOC_LOG_9017,SEC_04,2024-06-09,Aguardando Pátio,55,2032.88
EVT_1959,LOC_LOG_9007,SEC_04,2024-01-20,Cruzamento/Sinal Vermelho,151,4349.23
EVT_1960,LOC_LOG_9003,SEC_01,2024-05-21,Cruzamento/Sinal Vermelho,29,1195.88
EVT_1961,LOC_LOG_9016,SEC_02,2024-04-30,Aguardando Pátio,61,2635.06
EVT_1962,LOC_LOG_9019,SEC_02,2024-05-10,Cruzamento/Sinal Vermelho,35,1780.72
EVT_1963,LOC_LOG_9016,SEC_06,2024-06-03,Cruzamento/Sinal Vermelho,67,2289.39
EVT_1964,LOC_LOG_9014,SEC_06,2024-02-04,Manutenção Via,163,5030.49
EVT_1965,LOC_LOG_9016,SEC_04,2024-01-12,Manutenção Via,93,3262.42
EVT_1966,LOC_LOG_9000,SEC_04,2024-05-19,Aguardando Pátio,239,6709.05
EVT_1967,LOC_LOG_9003,SEC_06,2024-03-11,Manutenção Via,21,1205.24
EVT_1968,LOC_LOG_9011,SEC_05,2024-04-24,Manutenção Via,52,1605.65
EVT_1969,LOC_LOG_9017,SEC_05,2024-06-12,Aguardando Pátio,35,1945.67
EVT_1970,LOC_LOG_9008,SEC_02,2024-05-28,Cruzamento/Sinal Vermelho,207,5542.55
EVT_1971,LOC_LOG_9014,SEC_05,2024-01-24,Manutenção Via,123,4235.87
EVT_1972,LOC_LOG_9014,SEC_05,2024-01-22,Aguardando Pátio,187,5074.6
EVT_1973,LOC_LOG_9018,SEC_04,2024-06-25,Cruzamento/Sinal Vermelho,158,5017.91
EVT_1974,LOC_LOG_9007,SEC_05,2024-04-27,Cruzamento/Sinal Vermelho,187,5244.02
EVT_1975,LOC_LOG_9015,SEC_02,2024-04-30,Cruzamento/Sinal Vermelho,198,5858.0
EVT_1976,LOC_LOG_9004,SEC_06,2024-06-29,Manutenção Via,110,3389.18
EVT_1977,LOC_LOG_9012,SEC_05,2024-05-06,Cruzamento/Sinal Vermelho,108,3687.35
EVT_1978,LOC_LOG_9011,SEC_05,2024-04-21,Manutenção Via,222,5934.78
EVT_1979,LOC_LOG_9014,SEC_02,2024-02-28,Aguardando Pátio,88,3055.07
EVT_1980,LOC_LOG_9018,SEC_02,2024-04-17,Manutenção Via,97,3018.54
EVT_1981,LOC_LOG_9008,SEC_06,2024-04-19,Cruzamento/Sinal Vermelho,121,3890.45
EVT_1982,LOC_LOG_9014,SEC_06,2024-01-02,Aguardando Pátio,86,3247.93
EVT_1983,LOC_LOG_9019,SEC_01,2024-04-15,Cruzamento/Sinal Vermelho,123,3616.31
EVT_1984,LOC_LOG_9004,SEC_05,2024-03-27,Aguardando Pátio,115,3555.75
EVT_1985,LOC_LOG_9009,SEC_01,2024-06-28,Manutenção Via,205,5819.09
EVT_1986,LOC_LOG_9012,SEC_04,2024-04-22,Cruzamento/Sinal Vermelho,15,1181.19
EVT_1987,LOC_LOG_9019,SEC_04,2024-04-10,Falha Mecânica,88,3117.4
EVT_1988,LOC_LOG_9008,SEC_05,2024-03-31,Cruzamento/Sinal Vermelho,100,3417.03
EVT_1989,LOC_LOG_9018,SEC_03,2024-06-03,Falha Mecânica,113,3373.22
EVT_1990,LOC_LOG_9016,SEC_02,2024-06-22,Cruzamento/Sinal Vermelho,215,6222.44
EVT_1991,LOC_LOG_9009,SEC_01,2024-04-01,Cruzamento/Sinal Vermelho,115,3590.84
EVT_1992,LOC_LOG_9014,SEC_05,2024-02-22,Cruzamento/Sinal Vermelho,171,4884.03
EVT_1993,LOC_LOG_9018,SEC_05,2024-03-13,Cruzamento/Sinal Vermelho,216,6179.9
EVT_1994,LOC_LOG_9009,SEC_05,2024-03-10,Aguardando Pátio,146,3975.16
EVT_1995,LOC_LOG_9010,SEC_01,2024-02-22,Manutenção Via,212,6144.44
EVT_1996,LOC_LOG_9016,SEC_04,2024-04-30,Aguardando Pátio,234,6158.92
EVT_1997,LOC_LOG_9005,SEC_01,2024-06-24,Cruzamento/Sinal Vermelho,223,6673.87
EVT_1998,LOC_LOG_9005,SEC_04,2024-01-06,Cruzamento/Sinal Vermelho,45,2290.06
EVT_1999,LOC_LOG_9012,SEC_04,2024-01-08,Manutenção Via,84,2897.59
